book_folder,id,display_label,title,arabic_title,preface,range,order
100-hadith_bn,1,১,ঘুমের সুন্নত,,,১ - ৫,1
100-hadith_bn,2,২,ওযূ ও নামাযের সুন্নাত,,,৬ - ৩৫,2
100-hadith_bn,3,৩,রোযার সুন্নত,,,৩৬ - ৪৩,3
100-hadith_bn,4,৪,সফরের সুন্নত,,,৪৪ - ৪৭,4
100-hadith_bn,5,৫,পোশাক ও পানাহারের সুন্নত,,,৪৮ - ৫৭,5
100-hadith_bn,6,৬,যিক্‌র ও দুআ,,,৫৮ - ৭৩,6
100-hadith_bn,7,৭,বিভিন্ন প্রকার সুন্নতসমূহ,,,৭৪ - ১০১,7
40-hadith_bn,1,১,৪০ হাদিস,,,১ - ৪২,1
abu-dawud_bn,1,১,পবিত্রতা অর্জন,كِتَابُ الطَّهَارَةِ,,১ - ৩৯০,1
abu-dawud_bn,2,২,সালাত (নামাজ),كِتَابُ الصَّلَاةِ,,৩৯১ - ১১৬০,2
abu-dawud_bn,3,৩,সালাতুল ইস্তিসকা (বৃষ্টি প্রার্থনার সালাত),جَمْعُ أَبْوَابِ صَلَاةِ الاسْتِسْقَاءِ وَتَفْرِيعِهَا,,১১৬১ - ১১৯৭,3
abu-dawud_bn,4,৪,সফরকালীন সালাত,تَفْرِيعُ أَبْوَابِ صَلَاةِ السَّفَرِ,,১১৯৮ - ১২৪৯,4
abu-dawud_bn,5,৫,নফল সালাত,النَّفْلُ,,১২৫০ - ১৩৭০,5
abu-dawud_bn,6,৬,রমজান মাস,بَابُ تَفْرِيعِ أَبْوَابِ شَهْرِ رَمَضَانَ,,১৩৭১ - ১৪০০,6
abu-dawud_bn,7,৭,কুরআন তিলাওয়াতের সিজদাসমূহ,كِتَابُ السُّوَرِ وَالْقُرْآنِ,,১৪০১ - ১৪১৫,7
abu-dawud_bn,8,৮,বিতর সালাত,بَابُ تَفْرِيعِ أَبْوَابِ الْوِتْرِ,,১৪১৬ - ১৫৫৫,8
abu-dawud_bn,9,৯,যাকাত,كِتَابُ الزَّكَاةِ,,১৫৫৬ - ১৭০০,9
abu-dawud_bn,10,১০,লুকতা (হারানো বস্তু প্রাপ্তি),كِتَابُ اللُّقَطَةِ,,১৭০১ - ১৭২০,10
abu-dawud_bn,11,১১,হজ্জ,كِتَابُ الْمَنَاسِكِ,,১৭২১ - ২০৪৫,11
abu-dawud_bn,12,১২,বিবাহ,كِتَابُ النِّكَاحِ,,২০৪৬ - ২১৭৪,12
abu-dawud_bn,13,১৩,তালাক,كِتَابُ الطَّلَاقِ,,২১৭৫ - ২৩১২,13
abu-dawud_bn,14,১৪,সওম (রোজা),كِتَابُ الصَّوْمِ,,২৩১৩ - ২৪৭৬,14
abu-dawud_bn,15,১৫,জিহাদ,كِتَابُ الْجِهَادِ,,২৪৭৭ - ২৭৮৭,15
abu-dawud_bn,16,১৬,কুরবানির নিয়ম-কানুন,كِتَابُ الضَّحَايَا,,২৭৮৮ - ২৮৪৩,16
abu-dawud_bn,17,১৭,শিকার প্রসঙ্গে,كِتَابُ الصَّيْدِ,,২৮৪৪ - ২৮৬১,17
abu-dawud_bn,18,১৮,ওসিয়াত প্রসঙ্গে,كِتَابُ الْوَصَايَا,,২৮৬২ - ২৮৮৪,18
abu-dawud_bn,19,১৯,ফারায়েজ (ওয়ারিসী স্বত্ব),كِتَابُ الْفَرَائِضِ,,২৮৮৫ - ২৯২৭,19
abu-dawud_bn,20,২০,"কর, ফাই ও প্রশাসক",كِتَابُ الْخَرَاجِ وَالإِمَارَةِ وَالْفَيْءِ,,২৯২৮ - ৩০৮৮,20
abu-dawud_bn,21,২১,জানাযা,كِتَابُ الْجَنَائِزِ,,৩০৮৯ - ৩২৪১,21
abu-dawud_bn,22,২২,শপথ ও মানত,كِتَابُ الأَيْمَانِ وَالنُّذُورِ,,৩২৪২ - ৩৩২৫,22
abu-dawud_bn,23,২৩,ব্যবসা-বাণিজ্য,كِتَابُ الْبُيُوعِ,,৩৩২৬ - ৩৪১৫,23
abu-dawud_bn,24,২৪,ইজারা (ভাড়া ও শ্রম বিক্রয়),كِتَابُ الإِجَارَةِ,,৩৪১৬ - ৩৫৭০,24
abu-dawud_bn,25,২৫,বিচার ব্যবস্থা,كِتَابُ الأَقْضِيَةِ,,৩৫৭১ - ৩৬৪০,25
abu-dawud_bn,26,২৬,জ্ঞান,كِتَابُ الْعِلْمِ,,৩৬৪১ - ৩৬৬৮,26
abu-dawud_bn,27,২৭,পানীয় দ্রব্য প্রসঙ্গে,كِتَابُ الأَشْرِبَةِ,,৩৬৬৯ - ৩৭৩৫,27
abu-dawud_bn,28,২৮,খাদ্যদ্রব্য,كِتَابُ الأَطْعِمَةِ,,৩৭৩৬ - ৩৮৫৪,28
abu-dawud_bn,29,২৯,চিকিৎসা,كِتَابُ الطِّبِّ,,৩৮৫৫ - ৩৯০৩,29
abu-dawud_bn,30,৩০,ভবিষ্যৎ কথন ও কুলক্ষণ-সুলক্ষণ,كِتَابُ أَخْبَارِ الْمُسْتَقْبَلِ وَالطِّيَرَةِ,,৩৯০৪ - ৩৯২৫,30
abu-dawud_bn,31,৩১,দাসত্বমুক্তি,كِتَابُ الْعِتْقِ,,৩৯২৬ - ৩৯৬৮,31
abu-dawud_bn,32,৩২,কুরআনের কিরাআত ও পাঠের নিয়ম,كِتَابُ الْحُرُوفِ وَالْقِرَاءَاتِ,,৩৯৬৯ - ৪০০৮,32
abu-dawud_bn,33,৩৩,গণ-গোসলখানা,كِتَابُ الْحَمَّامِ,,৪০০৯ - ৪০১৯,33
abu-dawud_bn,34,৩৪,পোশাক-পরিচ্ছেদ,كِتَابُ اللِّبَاسِ,,৪০২০ - ৪১৫৮,34
abu-dawud_bn,35,৩৫,চুল আঁচড়ানো,كِتَابُ التَّرَجُّلِ,,৪১৫৯ - ৪২১৩,35
abu-dawud_bn,36,৩৬,আংটি,كِتَابُ الْخَاتَمِ,,৪২১৪ - ৪২৩৯,36
abu-dawud_bn,37,৩৭,ফিতনা ও বিপর্যয়,كِتَابُ الْفِتَنِ وَالْمَلَاحِمِ,,৪২৪০ - ৪২৭৮,37
abu-dawud_bn,38,৩৮,ইমাম মাহদি প্রসঙ্গে,كِتَابُ الْمَهْدِيِّ,,৪২৭৯ - ৪২৯০,38
abu-dawud_bn,39,৩৯,যুদ্ধ-সংঘর্ষ,كِتَابُ الْمَلَاحِمِ,,৪২৯১ - ৪৩৫০,39
abu-dawud_bn,40,৪০,অপরাধ ও তার শাস্তি,كِتَابُ الْحُدُودِ,,৪৩৫১ - ৪৪৯৩,40
abu-dawud_bn,41,৪১,রক্তমূল্য,كِتَابُ الدِّيَاتِ,,৪৪৯৪ - ৪৫৯৫,41
abu-dawud_bn,42,৪২,সুন্নাহ,كِتَابُ السُّنَّةِ,,৪৫৯৬ - ৪৭৭২,42
abu-dawud_bn,43,৪৩,শিষ্টাচার,كِتَابُ الأَدَبِ,,৪৭৭৩ - ৫২৭৪,43
adabul-mufrad_bn,1,১,পিতা-মাতার সাথে সদ্ধ্যবহার,,,১ - ৪৬,1
adabul-mufrad_bn,2,২,আত্মীয়তার বন্ধন,,,৪৭ - ৭৫,2
adabul-mufrad_bn,3,৩,সন্তানের প্রতি মমতা,,,৭৬ - ৯৯,3
adabul-mufrad_bn,4,৪,প্রতিবেশীর সাথে সাদাচার,,,১০০ - ১২৮,4
adabul-mufrad_bn,5,৫,ভদ্র আচার ব্যাবহার,,,১২৯ - ২১৯,5
adabul-mufrad_bn,6,৬,"বদান্যতা, কৃপণতা ও চারিত্রিক দোষ-ত্রুটি",,,২২০ - ৪৯২,6
adabul-mufrad_bn,7,৭,রোগীর সাথে দেখা-সাক্ষাৎ,,,৪৯৩ - ৫৩৯,7
adabul-mufrad_bn,8,৮,বিবিধ বিষয়,,,৫৪০ - ৬০৭,8
adabul-mufrad_bn,9,৯,দোয়া-দুরুদ,,,৬০৮ - ৭৪৪,9
adabul-mufrad_bn,10,১০,মেহমানদারি,,,৭৪৫ - ৭৮৭,10
adabul-mufrad_bn,11,১১,গান-বাজনা ও অলসতা,,,৭৮৮ - ৮২০,11
adabul-mufrad_bn,12,১২,অর্থপূর্ণ নাম রাখা এবং কদর্য নাম পরিবর্তন,,,৮২১ - ৮৬৩,12
adabul-mufrad_bn,13,১৩,কবিতা চর্চা ও ব্যাঙ্গ-কৌতুক,,,৮৬৪ - ৯২৬,13
adabul-mufrad_bn,14,১৪,হাঁচি ও তার জবাবদান,,,৯২৭ - ৯৮৬,14
adabul-mufrad_bn,15,১৫,পরস্পর সালাম বিনিময়,,,৯৮৭ - ১০৬০,15
adabul-mufrad_bn,16,১৬,দেখা-সাক্ষাতের জন্য অনুমতি প্রার্থনা,,,১০৬১ - ১১২৬,16
adabul-mufrad_bn,17,১৭,চিঠিপত্রের আদান-প্রদান,,,১১২৭ - ১১৪৫,17
adabul-mufrad_bn,18,১৮,সভা-সমাবেশ ও তার রীতিনীতি,,,১১৪৬ - ১১৯৬,18
adabul-mufrad_bn,19,১৯,ঘুমানোর আদব-কায়দা,,,১১৯৭ - ১২৫৫,19
adabul-mufrad_bn,20,২০,জন্মোৎসব ও খতনা অনুষ্ঠান,,,১২৫৬ - ১২৭০,20
adabul-mufrad_bn,21,২১,জুয়া ও দাবা/পাশা খেলা,,,১২৭১ - ১২৯৫,21
adabul-mufrad_bn,22,২২,"কুমন্ত্রনা, কুধারনা ও বাচালতা",,,১২৯৬ - ১৩৩৬,22
bukhari_bn,1,১,ওহীর সূচনা অধ্যায়,كتاب بدء الوحى,,১ - ৭,1
bukhari_bn,2,২,ঈমান,كتاب الإيمان,,৮ - ৫৮,2
bukhari_bn,3,৩,ইলম,كتاب العلم,,৫৯ - ১৩৪,3
bukhari_bn,4,৪,ওযু,كتاب الوضوء,,১৩৫ - ২৪৭,4
bukhari_bn,5,৫,গোসল,كتاب الغسل,,২৪৮ - ২৯৩,5
bukhari_bn,6,৬,হায়েজ,كتاب الحيض,,২৯৪ - ৩৩৩,6
bukhari_bn,7,৭,তায়াম্মুম,كتاب التيمم,,৩৩৪ - ৩৪৮,7
bukhari_bn,8,৮,সালাত,كتاب الصلاة,,৩৪৯ - ৫২০,8
bukhari_bn,9,৯,সালাতের ওয়াক্তসমূহ,كتاب مواقيت الصلاة,,৫২১ - ৬০২,9
bukhari_bn,10,১০,আজান,كتاب الأذان,,৬০৩ - ৮৭৫,10
bukhari_bn,11,১১,জুমা,كتاب الجمعة,,৮৭৬ - ৯৪১,11
bukhari_bn,12,১২,খাওফ (ভয় ভীতির সালাত),كتاب صلاة الخوف,,৯৪২ - ৯৪৭,12
bukhari_bn,13,১৩,দুই ঈদ,كتاب العيدين,,৯৪৮ - ৯৮৯,13
bukhari_bn,14,১৪,বিতর,كتاب الوتر,,৯৯০ - ১০০৪,14
bukhari_bn,15,১৫,বৃষ্টির জন্য দোয়া,كتاب الاستسقاء,,১০০৫ - ১০৩৯,15
bukhari_bn,16,১৬,সূর্যগ্রহণ,كتاب الكسوف,,১০৪০ - ১০৬৬,16
bukhari_bn,17,১৭,কুরআন তিলাওয়াতের সিজদা,كتاب سجود القرآن,,১০৬৭ - ১০৭৯,17
bukhari_bn,18,১৮,সালাতে কসর করা,كتاب التقصير,,১০৮০ - ১১১৯,18
bukhari_bn,19,১৯,তাহাজ্জুদ,كتاب التهجد,,১১২০ - ১১৮৭,19
bukhari_bn,20,২০,মক্কা ও মদীনার মসজিদে সালাতের মর্যাদা,كتاب فضل الصلاة فى مسجد مكة والمدينة,,১১৮৮ - ১১৯৭,20
bukhari_bn,21,২১,সালাতের সাথে সংশ্লিষ্ট কাজ,كتاب العمل فى الصلاة,,১১৯৮ - ১২২৩,21
bukhari_bn,22,২২,সাহু,كتاب السهو,,১২২৪ - ১২৩৬,22
bukhari_bn,23,২৩,জানাজা,كتاب الجنائز,,১২৩৭ - ১৩৯৪,23
bukhari_bn,24,২৪,যাকাত,كتاب الزكاة,,১৩৯৫ - ১৫১২,24
bukhari_bn,25,২৫,হজ্জ,كتاب الحج,,১৫১৩ - ১৭৭২,25
bukhari_bn,26,২৬,উমরাহ,كتاب العمرة,,১৭৭৩ - ১৮০৫,26
bukhari_bn,27,২৭,পথে আটকে পড়া ও ইহরাম অবস্থায় শিকারকারীর বিধান,كتاب المحصر,,১৮০৬ - ১৮২০,27
bukhari_bn,28,২৮,ইহরাম অবস্থায় শিকার ও অনুরূপ কিছুর বদলা,كتاب جزاء الصيد,,১৮২১ - ১৮৬৬,28
bukhari_bn,29,২৯,মদীনার ফজিলত,كتاب فضائل المدينة,,১৮৬৭ - ১৮৯০,29
bukhari_bn,30,৩০,সাওম,كتاب الصوم,,১৮৯১ - ২০০৭,30
bukhari_bn,31,৩১,তারাবীহর সালাত,كتاب صلاة التراويح,,২০০৮ - ২০১৩,31
bukhari_bn,32,৩২,লাইলাতুল কদর এর ফজিলত,كتاب فضل ليلة القدر,,২০১৪ - ২০২৪,32
bukhari_bn,33,৩৩,ইতিকাফ,كتاب الاعتكاف,,২০২৫ - ২০৪৬,33
bukhari_bn,34,৩৪,ক্রয়-বিক্রয়,كتاب البيوع,,২০৪৭ - ২২৩৮,34
bukhari_bn,35,৩৫,সলম (অগ্রিম ক্রয়-বিক্রয়),كتاب السلم,,২২৩৯ - ২২৫৬,35
bukhari_bn,36,৩৬,শুফআ,كتاب الشفعة,,২২৫৭ - ২২৫৯,36
bukhari_bn,37,৩৭,ইজারা,كتاب الإجارة,,২২৬০ - ২২৮৬,37
bukhari_bn,38,৩৮,হাওয়ালাত,كتاب الحوالات,,২২৮৭ - ২২৮৯,38
bukhari_bn,39,৩৯,যামিন হওয়া,كتاب الكفالة,,২২৯০ - ২২৯৮,39
bukhari_bn,40,৪০,ওয়াকালাহ (প্রতিনিধিত্ব),كتاب الوكالة,,২২৯৯ - ২৩১৯,40
bukhari_bn,41,৪১,চাষাবাদ,كتاب المزارعة,,২৩২০ - ২৩৫০,41
bukhari_bn,42,৪২,পানি সেচ,كتاب المساقاة,,২৩৫১ - ২৩৮৪,42
bukhari_bn,43,৪৩,"ঋণ গ্রহণ, ঋণ পরিশোধ, নিষেধাজ্ঞা আরোপ ও দেউলিয়া ঘোষণা",كتاب فى الاستقراض,,২৩৮৫ - ২৪০৯,43
bukhari_bn,44,৪৪,ঝগড়া-বিবাদ মীমাংসা,كتاب الخصومات,,২৪১০ - ২৪২৫,44
bukhari_bn,45,৪৫,পড়ে থাকা বস্তু উঠানো,كتاب فى اللقطة,,২৪২৬ - ২৪৩৯,45
bukhari_bn,46,৪৬,জুলুম ও কিসাস,كتاب المظالم,,২৪৪০ - ২৪৮২,46
bukhari_bn,47,৪৭,অংশীদারিত্ব,كتاب الشركة,,২৪৮৩ - ২৫০৭,47
bukhari_bn,48,৪৮,বন্ধক,كتاب الرهن,,২৫০৮ - ২৫১৬,48
bukhari_bn,49,৪৯,ক্রীতদাস আযাদ করা,كتاب العتق,,২৫১৭ - ২৫৫৯,49
bukhari_bn,50,৫০,মুকাতাব (চুক্তিবদ্ধ দাসের বর্ণনা),كتاب المكاتب,,২৫৬০ - ২৫৬৫,50
bukhari_bn,51,৫১,হিবা ও তার ফজিলত এবং এর প্রতি উৎসাহ প্রদান,كتاب الهبة وفضلها والتحريض عليها,,২৫৬৬ - ২৬৩৬,51
bukhari_bn,52,৫২,সাক্ষ্যদান,كتاب الشهادات,,২৬৩৭ - ২৬৮৯,52
bukhari_bn,53,৫৩,বিবাদ মীমাংসা,كتاب الصلح,,২৬৯০ - ২৭১০,53
bukhari_bn,54,৫৪,শর্তাবলী,كتاب الشروط,,২৭১১ - ২৭৩৭,54
bukhari_bn,55,৫৫,ওসিয়াত,كتاب الوصايا,,২৭৩৮ - ২৭৮১,55
bukhari_bn,56,৫৬,জিহাদ,كتاب الجهاد والسير,,২৭৮২ - ৩০৯০,56
bukhari_bn,57,৫৭,খুমুস (এক পঞ্চমাংশ),كتاب فرض الخمس,,৩০৯১ - ৩১৫৫,57
bukhari_bn,58,৫৮,জিযিয়া কর ও সন্ধি স্থাপন,كتاب الجزية والموادعة,,৩১৫৬ - ৩১৮৯,58
bukhari_bn,59,৫৯,সৃষ্টির সূচনা,كتاب بدء الخلق,,৩১৯০ - ৩৩২৫,59
bukhari_bn,60,৬০,আম্বিয়া কিরাম (আঃ),كتاب أحاديث الأنبياء,,৩৩২৬ - ৩৪৮৮,60
bukhari_bn,61,৬১,মর্যাদা ও বৈশিষ্ট্য,كتاب المناقب,,৩৪৮৯ - ৩৬৪৮,61
bukhari_bn,62,৬২,সাহাবীগণের মর্যাদা,كتاب فضائل أصحاب النبى ﷺ,,৩৬৪৯ - ৩৭৭৫,62
bukhari_bn,63,৬৩,আনসারগণের মর্যাদা,كتاب مناقب الأنصار,,৩৭৭৬ - ৩৯৪৮,63
bukhari_bn,64,৬৪,মাগাজি,كتاب المغازى,,৩৯৪৯ - ৪৪৭৩,64
bukhari_bn,65,৬৫,তাফসীর,كتاب التفسير,,৪৪৭৪ - ৪৯৭৭,65
bukhari_bn,66,৬৬,ফজায়িলুল কুরআন,كتاب فضائل القرآن,,৪৯৭৮ - ৫০৬২,66
bukhari_bn,67,৬৭,বিয়ে-শাদি,كتاب النكاح,,৫০৬৩ - ৫২৫০,67
bukhari_bn,68,৬৮,তালাক,كتاب الطلاق,,৫২৫১ - ৫৩৫০,68
bukhari_bn,69,৬৯,ভরণ-পোষণ,كتاب النفقات,,৫৩৫১ - ৫৩৭২,69
bukhari_bn,70,৭০,আহার সংক্রান্ত,كتاب الأطعمة,,৫৩৭৩ - ৫৪৬৬,70
bukhari_bn,71,৭১,আকীকা,كتاب العقيقة,,৫৪৬৭ - ৫৪৭৪,71
bukhari_bn,72,৭২,যবেহ ও শিকার করা,كتاب الذبائح والصيد,,৫৪৭৫ - ৫৫৪৪,72
bukhari_bn,73,৭৩,কুরবানী,كتاب الأضاحي,,৫৫৪৫ - ৫৫৭৪,73
bukhari_bn,74,৭৪,পানীয় দ্রব্যসমূহ,كتاب الأشربة,,৫৫৭৫ - ৫৬৩৯,74
bukhari_bn,75,৭৫,রোগীদের বর্ণনা,كتاب المرضى,,৫৬৪০ - ৫৬৭৭,75
bukhari_bn,76,৭৬,চিকিৎসা,كتاب الطب,,৫৬৭৮ - ৫৭৮২,76
bukhari_bn,77,৭৭,পোশাক-পরিচ্ছদ,كتاب اللباس,,৫৭৮৩ - ৫৯৬৯,77
bukhari_bn,78,৭৮,আচার-ব্যবহার,كتاب الأدب,,৫৯৭০ - ৬২২৬,78
bukhari_bn,79,৭৯,অনুমতি চাওয়া,كتاب الاستئذان,,৬২২৭ - ৬৩০৩,79
bukhari_bn,80,৮০,দোয়া,كتاب الدعوات,,৬৩০৪ - ৬৪১১,80
bukhari_bn,81,৮১,কোমল হওয়া,كتاب الرقاق,,৬৪১২ - ৬৫৯৩,81
bukhari_bn,82,৮২,তাকদীর,كتاب القدر,,৬৫৯৪ - ৬৬২০,82
bukhari_bn,83,৮৩,শপথ ও মানত,كتاب الأيمان والنذور,,৬৬২১ - ৬৭০৭,83
bukhari_bn,84,৮৪,শপথের কাফফারা,كتاب كفارات الأيمان,,৬৭০৮ - ৬৭২২,84
bukhari_bn,85,৮৫,উত্তরাধিকার,كتاب الفرائض,,৬৭২৩ - ৬৭৭১,85
bukhari_bn,86,৮৬,শরিয়তের শাস্তি,كتاب الحدود,,৬৭৭২ - ৬৮৬০,86
bukhari_bn,87,৮৭,রক্তপণ,كتاب الديات,,৬৮৬১ - ৬৯১৭,87
bukhari_bn,88,৮৮,আল্লাহদ্রোহী ও ধর্মত্যাগীদেরকে তাওবার প্রতি আহ্বান ও তাদের সাথে যুদ্ধ,كتاب استتابة المرتدين والمعاندين وقتالهم,,৬৯১৮ - ৬৯৩৯,88
bukhari_bn,89,৮৯,বলপ্রয়োগে বাধ্য করা,كتاب الإكراه,,৬৯৪০ - ৬৯৫২,89
bukhari_bn,90,৯০,কূটকৌশল,كتاب الحيل,,৬৯৫৩ - ৬৯৮১,90
bukhari_bn,91,৯১,স্বপ্নের ব্যাখ্যা প্রদান,كتاب التعبير,,৬৯৮২ - ৭০৪৭,91
bukhari_bn,92,৯২,ফিতনা,كتاب الفتن,,৭০৪৮ - ৭১৩৬,92
bukhari_bn,93,৯৩,আহকাম,كتاب الأحكام,,৭১৩৭ - ৭২২৫,93
bukhari_bn,94,৯৪,আকাঙ্ক্ষা,كتاب التمنى,,৭২২৬ - ৭২৪৫,94
bukhari_bn,95,৯৫,খবরে ওয়াহিদ,كتاب أخبار الآحاد,,৭২৪৬ - ৭২৬৭,95
bukhari_bn,96,৯৬,কুরআন ও সুন্নাহকে দৃঢ়ভাবে ধারণ করা,كتاب الاعتصام بالكتاب والسنة,,৭২৬৮ - ৭৩৭০,96
bukhari_bn,97,৯৭,জাহমিয়াদের মতের খণ্ডন ও তাওহীদ প্রসঙ্গ,كتاب التوحيد,,৭৩৭১ - ৭৫৬৩,97
bulugul-maram_bn,1,১,পবিত্রতা,كتاب الطهارة,,১ - ১৫০,1
bulugul-maram_bn,2,২,সালাত,كتاب الصلاة,,১৫১ - ৫৩৩,2
bulugul-maram_bn,3,৩,জানাযা,كتاب الجنائز,,৫৩৪ - ৫৯৮,3
bulugul-maram_bn,4,৪,যাকাত,كتاب الزكاة,,৫৯৯ - ৬৪৯,4
bulugul-maram_bn,5,৫,সিয়াম,كتاب الصيام,,৬৫০ - ৭০৭,5
bulugul-maram_bn,6,৬,হাজ্জ,كتاب الحج,,৭০৮ - ৭৮১,6
bulugul-maram_bn,7,৭,ক্ৰয়-বিক্রয়ের বিধান,كتاب البيوع,,৭৮২ - ৯৬৬,7
bulugul-maram_bn,8,৮,বিবাহ,كتاب النكاح,,৯৬৭ - ১১৫৭,8
bulugul-maram_bn,9,৯,অপরাধ প্রসঙ্গ,كتاب الجنايات,,১১৫৮ - ১২০৪,9
bulugul-maram_bn,10,১০,দণ্ড বিধি,كتاب الحدود,,১২০৫ - ১২৫৮,10
bulugul-maram_bn,11,১১,জিহাদ,كتاب الجهاد,,১২৫৯ - ১৩১৮,11
bulugul-maram_bn,12,১২,খাদ্য,كتاب الاطعمة,,১৩১৯ - ১৩৫৯,12
bulugul-maram_bn,13,১৩,কসম ও মান্নত প্রসঙ্গ,كتاب الأيمان والنذور,,১৩৬০ - ১৩৮২,13
bulugul-maram_bn,14,১৪,বিচার-ফায়সালা,كتاب القضاء,,১৩৮৩ - ১৪১৭,14
bulugul-maram_bn,15,১৫,দাস-দাসী মুক্ত করা,كتاب العتق,,১৪১৮ - ১৪৩৬,15
bulugul-maram_bn,16,১৬,বিবিধ প্রসঙ্গ,كتاب الجامع,,১৪৩৭ - ১৫৬৮,16
dhaif-hadis-sirij_bn,1,১,জাল জয়ীফ হাদিস সিরিজ (১-১০০) নং হাদিস,,,১ - ১০২,1
fazayele-amal_bn,1,১,ফাযায়েলে তাওহীদ,,,১ - ১৩,1
fazayele-amal_bn,2,২,ফাযায়িলে কালেমা,,,১৪ - ৭২,2
fazayele-amal_bn,3,৩,ফাযায়িলে সলাত,,,৭৩ - ১৫১,3
hadis-somvar_bn,1,১,ঈমান অধ্যায়,,,১ - ১৩৩,1
hadis-somvar_bn,2,২,বিদআত অধ্যায়,,,১৩৪ - ১৫২,2
hadis-somvar_bn,3,৩,নিয়ত অধ্যায়,,,১৫৩ - ১৮৭,3
hadis-somvar_bn,4,৪,আন্তরিক কর্মাবলী অধ্যায়,,,১৮৮ - ৫০৭,4
hadis-somvar_bn,5,৫,পবিত্রতা ও পরিচ্ছন্নতা অধ্যায়,,,৫০৮ - ৫৭৮,5
hadis-somvar_bn,6,৬,সলাত বা নামায অধ্যায়,,,৫৭৯ - ৯০৭,6
hadis-somvar_bn,7,৭,যাকাত ও সাদকা,,,৯০৮ - ১০২৬,7
hadis-somvar_bn,8,৮,সিয়াম অধ্যায়,,,১০২৭ - ১১২৮,8
hadis-somvar_bn,9,৯,ঈদ অধ্যায়,,,১১২৯ - ১১৩৪,9
hadis-somvar_bn,10,১০,হজ্জ অধ্যায়,,,১৫৮ - ১২০৩,10
hadis-somvar_bn,11,১১,জানাযা অধ্যায়,,,১২০৪ - ১৪০৯,11
hadis-somvar_bn,12,১২,কুরআন অধ্যায়,,,১৪১০ - ১৪৮৪,12
hadis-somvar_bn,13,১৩,সুন্নাহ অধ্যায়,,,১৪৮৫ - ১৫৪৩,13
hadis-somvar_bn,14,১৪,ইল্‌ম অধ্যায়,,,১৫৪৪ - ১৫৮৯,14
hadis-somvar_bn,15,১৫,দাওয়াত অধ্যায়,,,১৫৯০ - ১৬২৫,15
hadis-somvar_bn,16,১৬,দণ্ডবিধি অধ্যায়,,,১৬২৬ - ১৬৮৫,16
hadis-somvar_bn,17,১৭,হক ও অধিকার অধ্যায়,,,১৬৮৬ - ১৭৮৬,17
hadis-somvar_bn,18,১৮,শাসন অধ্যায়,,,১৭৮৭ - ১৮৭৪,18
hadis-somvar_bn,19,১৯,ফিতনা অধ্যায়,,,১৮৭৫ - ১৮৯৮,19
hadis-somvar_bn,20,২০,(আল্লাহর পথে) জিহাদ অধ্যায়,,,১৮৯৯ - ২০১৩,20
ibn-majah_bn,0,০,ভূমিকা,كتاب المقدمة,,১ - ২৬৬,1
ibn-majah_bn,1,১,পবিত্রতা ও তার সুন্নাতসমূহ,كتاب الطهارة وسننها,,২৬৭ - ৬৬৬,2
ibn-majah_bn,2,২,সালাত (নামায),كتاب الصلاة,,৬৬৭ - ৭০৫,3
ibn-majah_bn,3,৩,আযান ও তার সুন্নাত,كتاب الأذان والسنة فيها,,৭০৬ - ৭৩৪,4
ibn-majah_bn,4,৪,মসজিদ ও জামাআত,كتاب المساجد والجماعات,,৭৩৫ - ৮০২,5
ibn-majah_bn,5,৫,সালাত আদায় করা ও তার নিয়ম কানুন,كتاب إقامة الصلاة والسنة,,৮০৩ - ১৪৩২,6
ibn-majah_bn,6,৬,জানাযাহ,كتاب الجنائز,,১৪৩৩ - ১৬৩৭,7
ibn-majah_bn,7,৭,সিয়াম বা রোজা,كتاب الصيام,,১৬৩৮ - ১৭৮২,8
ibn-majah_bn,8,৮,যাকাত,كتاب الزكاة,,১৭৮৩ - ১৮৪৪,9
ibn-majah_bn,9,৯,বিবাহ,كتاب النكاح,,১৮৪৫ - ২০১৫,10
ibn-majah_bn,10,১০,তালাক,كتاب الطلاق,,২০১৬ - ২০৮৯,11
ibn-majah_bn,11,১১,কাফফারা সমূহ,كتاب الكفارات,,২০৯০ - ২১৩৬,12
ibn-majah_bn,12,১২,ব্যবসা-বাণিজ্য,كتاب التجارات,,২১৩৭ - ২৩০৭,13
ibn-majah_bn,13,১৩,বিচার ও বিধান,كتاب الأحكام,,২৩০৮ - ২৩৭৪,14
ibn-majah_bn,14,১৪,হেবা,كتاب الهبات,,২৩৭৫ - ২৩৮৯,15
ibn-majah_bn,15,১৫,দান খয়রাত,كتاب الصدقات,,২৩৯০ - ২৪৩৫,16
ibn-majah_bn,16,১৬,বন্ধক,كتاب الرهون,,২৪৩৬ - ২৪৯১,17
ibn-majah_bn,17,১৭,অগ্র-ক্রয়াধিকার,كتاب الشفعة,,২৪৯২ - ২৫০১,18
ibn-majah_bn,18,১৮,হারানো প্রাপ্তি,كتاب اللقطة,,২৫০২ - ২৫১১,19
ibn-majah_bn,19,১৯,দাসমুক্তি,كتاب العتق,,২৫১২ - ২৫৩২,20
ibn-majah_bn,20,২০,হদ্দ (দণ্ড),كتاب الحدود,,২৫৩৩ - ২৬১৪,21
ibn-majah_bn,21,২১,রক্তপণ,كتاب الديات,,২৬১৫ - ২৬৯৪,22
ibn-majah_bn,22,২২,ওসিয়ত,كتاب الوصايا,,২৬৯৫ - ২৭১৮,23
ibn-majah_bn,23,২৩,ওয়ারিসী স্বত্ব বণ্টন,كتاب الفرائض,,২৭১৯ - ২৭৫২,24
ibn-majah_bn,24,২৪,জিহাদ,كتاب الجهاد,,২৭৫৩ - ২৮৮১,25
ibn-majah_bn,25,২৫,হজ্জ,كتاب المناسك,,২৮৮২ - ৩১১৯,26
ibn-majah_bn,26,২৬,কোরবানি,كتاب الأضاحي,,৩১২০ - ৩১৬১,27
ibn-majah_bn,27,২৭,যবেহ করা,كتاب الذبائح,,৩১৬২ - ৩১৯৯,28
ibn-majah_bn,28,২৮,শিকার,كتاب الصيد,,৩২০০ - ৩২৫০,29
ibn-majah_bn,29,২৯,আহার ও তার শিষ্টাচার,كتاب الأطعمة,,৩২৫১ - ৩৩৭০,30
ibn-majah_bn,30,৩০,পানীয় ও পানপাত্র,كتاب الأشربة,,৩৩৭১ - ৩৪৩৫,31
ibn-majah_bn,31,৩১,চিকিৎসা,كتاب الطب,,৩৪৩৬ - ৩৫৪৯,32
ibn-majah_bn,32,৩২,পোশাক-পরিচ্ছেদ,كتاب اللباس,,৩৫৫০ - ৩৬৫৬,33
ibn-majah_bn,33,৩৩,শিষ্টাচার,كتاب الأدب,,৩৬৫৭ - ৩৮২৬,34
ibn-majah_bn,34,৩৪,দুআ,كتاب الدعاء,,৩৮২৭ - ৩৮৯২,35
ibn-majah_bn,35,৩৫,স্বপ্নের ব্যাখ্যা,كتاب تعبير الرؤيا,,৩৮৯৩ - ৩৯২৬,36
ibn-majah_bn,36,৩৬,কলহ-বিপর্যয়,كتاب الفتن,,৩৯২৭ - ৪০৯৯,37
ibn-majah_bn,37,৩৭,পার্থিব ভোগবিলাসের প্রতি অনাসক্তি,كتاب الزهد,,৪১০০ - ৪৩৪১,38
jujul-rafayel-yadain_bn,1,১,জুজউল রাফউল ইয়াদাইন,,,১ - ৪৮,1
luluwal-marjan_bn,0,০,বিবিধ,,,১ - ৪,1
luluwal-marjan_bn,1,১,ঈমান,,,৫ - ১৩৩,2
luluwal-marjan_bn,2,২,পবিত্রতা,,,১৩৪ - ১৬৭,3
luluwal-marjan_bn,3,৩,হায়িয,,,১৬৮ - ২১২,4
luluwal-marjan_bn,4,৪,সালাত,,,২১৩ - ২৯৭,5
luluwal-marjan_bn,5,৫,মসজিদ ও সালাতের স্থানসমূহের বর্ণনা,,,২৯৮ - ৩৯৭,6
luluwal-marjan_bn,6,৬,মুসাফির ব্যক্তির সালাত ও তা কসর করার বর্ণনা,,,৩৯৮ - ৪৮৪,7
luluwal-marjan_bn,7,৭,জুমার বর্ণনা,,,৪৮৫ - ৫০৪,8
luluwal-marjan_bn,8,৮,ঈদাইন বা দুই ঈদের সালাত,,,৫০৫ - ৫১৪,9
luluwal-marjan_bn,9,৯,পানি প্রার্থনার সালাত,,,৫১৫ - ৫১৯,10
luluwal-marjan_bn,10,১০,সূর্য গ্রহণের সালাত,,,৫২০ - ৫৩০,11
luluwal-marjan_bn,11,১১,জানাজা,,,৫৩১ - ৫৬৬,12
luluwal-marjan_bn,12,১২,যাকাত,,,৫৬৭ - ৬৫১,13
luluwal-marjan_bn,13,১৩,সাওম (রোজা),,,৬৫২ - ৭২৬,14
luluwal-marjan_bn,14,১৪,ইতিকাফ,,,৭২৭ - ৭৩০,15
luluwal-marjan_bn,15,১৫,হজ্জ,,,৭৩১ - ৮৮৩,16
luluwal-marjan_bn,16,১৬,নিকাহ (বিবাহ),,,৮৮৪ - ৯১৫,17
luluwal-marjan_bn,17,১৭,দুগ্ধপান,,,৯১৬ - ৯৩৫,18
luluwal-marjan_bn,18,১৮,তালাক,,,৯৩৬ - ৯৫১,19
luluwal-marjan_bn,19,১৯,লিআন,,,৯৫২ - ৯৫৭,20
luluwal-marjan_bn,20,২০,ইতক (মুক্তি),,,৯৫৮ - ৯৬৪,21
luluwal-marjan_bn,21,২১,ক্রয়-বিক্রয়,,,৯৬৫ - ৯৯৮,22
luluwal-marjan_bn,22,২২,পানি সিঞ্চন,,,৯৯৯ - ১০৪০,23
luluwal-marjan_bn,23,২৩,ফরায়েজ,,,১০৪১ - ১০৪৪,24
luluwal-marjan_bn,24,২৪,হেবা,,,১০৪৫ - ১০৫১,25
luluwal-marjan_bn,25,২৫,অসিয়াত,,,১০৫২ - ১০৬০,26
luluwal-marjan_bn,26,২৬,নাযর,,,১০৬১ - ১০৬৫,27
luluwal-marjan_bn,27,২৭,কসম,,,১০৬৬ - ১০৮৪,28
luluwal-marjan_bn,28,২৮,কাসামাহ,,,১০৮৫ - ১০৯৬,29
luluwal-marjan_bn,29,২৯,হুদুদ,,,১০৯৭ - ১১১২,30
luluwal-marjan_bn,30,৩০,বিচার-ফায়সালা,,,১১১৩ - ১১২২,31
luluwal-marjan_bn,31,৩১,কুড়িয়ে পাওয়া বস্তু,,,১১২৩ - ১১২৮,32
luluwal-marjan_bn,32,৩২,জিহাদ,,,১১২৯ - ১১৯২,33
luluwal-marjan_bn,33,৩৩,ইমারাত বা নেতৃত্ব,,,১১৯৩ - ১২৫৩,34
luluwal-marjan_bn,34,৩৪,"শিকার, যবহ ও কোন প্রকার জন্তু খাওয়া যায়",,,১২৫৪ - ১২৭৯,35
luluwal-marjan_bn,35,৩৫,কুরবানি,,,১২৮০ - ১২৯১,36
luluwal-marjan_bn,36,৩৬,পানীয়,,,১২৯২ - ১৩৩৬,37
luluwal-marjan_bn,37,৩৭,পোশাক ও অলঙ্কার,,,১৩৩৭ - ১৩৭৯,38
luluwal-marjan_bn,38,৩৮,আচার-ব্যবহার,,,১৩৮০ - ১৩৯৫,39
luluwal-marjan_bn,39,৩৯,সালাম,,,১৩৯৬ - ১৪৪৮,40
luluwal-marjan_bn,40,৪০,সৌজন্যমূলক কথা বলা ইত্যাদি,,,১৪৪৯ - ১৪৫৩,41
luluwal-marjan_bn,41,৪১,কবিতা,,,১৪৫৪ - ১৪৫৫,42
luluwal-marjan_bn,42,৪২,স্বপ্ন,,,১৪৫৬ - ১৪৬৭,43
luluwal-marjan_bn,43,৪৩,ফাযায়েল,,,১৪৬৮ - ১৫৩৯,44
luluwal-marjan_bn,44,৪৪,সাহাবীদের মর্যাদা,,,১৫৪০ - ১৬৫১,45
luluwal-marjan_bn,45,৪৫,"সদাচরণ, আত্মীয়তার সম্পর্ক ও শিষ্টাচার",,,১৬৫২ - ১৬৯৪,46
luluwal-marjan_bn,46,৪৬,ক্বাদর বা ভাগ্য,,,১৬৯৫ - ১৭০৪,47
luluwal-marjan_bn,47,৪৭,ইলম (জ্ঞান ও শিক্ষা) বিষয়ক অধ্যায়,,,১৭০৫ - ১৭১২,48
luluwal-marjan_bn,48,৪৮,"যিকর আজকার, দোয়া, তাওবাহ এবং ক্ষমা প্রার্থনা",,,১৭১৩ - ১৭৪৫,49
luluwal-marjan_bn,49,৪৯,তাওবাহ,,,১৭৪৬ - ১৭৬৪,50
luluwal-marjan_bn,50,৫০,মুনাফিক ও তাদের হুকুম,,,১৭৬৫ - ১৭৯৬,51
luluwal-marjan_bn,51,৫১,"জান্নাত, তার বিবরণ, আনন্দ-উপভোগ ও তার বাসিন্দা",,,১৭৯৭ - ১৮২৮,52
luluwal-marjan_bn,52,৫২,ফিতনা এবং তার অশুভ আলামতসমূহ,,,১৮২৯ - ১৮৬৪,53
luluwal-marjan_bn,53,৫৩,সংসারের প্রতি অনাসক্তি ও অন্তরের কোমলতা,,,১৮৬৫ - ১৮৯২,54
luluwal-marjan_bn,54,৫৪,তাফসীর,,,১৮৯৩ - ১৯০৬,55
mishkatul-masabih_bn,0,০,নিয়তের হাদিস (গ্রন্থকারের ভূমিকা),مقدمة المؤلف,,১ - ১,1
mishkatul-masabih_bn,1,১,ঈমান (বিশ্বাস),كتاب الإيمان,,২ - ১৯৭,2
mishkatul-masabih_bn,2,২,ইলম (বিদ্যা),كتاب العلم,,১৯৮ - ২৮০,3
mishkatul-masabih_bn,3,৩,পাক-পবিত্রতা,كتاب الطهارة,,২৮১ - ৫৬৩,4
mishkatul-masabih_bn,4,৪,সালাত,كتاب الصلاة,,৫৬৪ - ১৫২২,5
mishkatul-masabih_bn,5,৫,জানাজা,كتاب الجنائز,,১৫২৩ - ১৭৭১,6
mishkatul-masabih_bn,6,৬,যাকাত,كتاب الزكاة,,১৭৭২ - ১৯৫৫,7
mishkatul-masabih_bn,7,৭,সওম (রোজা),كتاب الصوم,,১৯৫৬ - ২১০৮,8
mishkatul-masabih_bn,8,৮,কুরআনের মর্যাদা,كتاب فضائل القراٰن,,২১০৯ - ২২২২,9
mishkatul-masabih_bn,9,৯,দোয়া,كتاب الدعوات,,২২২৩ - ২২৮৬,10
mishkatul-masabih_bn,10,১০,আল্লাহ তা'আলার নামসমূহ,كتاب اسماء الله تعالٰى,,২২৮৭ - ২৫০৪,11
mishkatul-masabih_bn,11,১১,হজ্জ,كتاب المناسك,,২৫০৫ - ২৭৫৮,12
mishkatul-masabih_bn,12,১২,ক্রয়-বিক্রয় (ব্যবসা),كتاب البيوع,,২৭৫৯ - ৩০৭৯,13
mishkatul-masabih_bn,13,১৩,বিবাহ,كتاب النكاح,,৩০৮০ - ৩৩৮১,14
mishkatul-masabih_bn,14,১৪,গোলাম মুক্তিকরণ,كتاب العتق,,৩৩৮২ - ৩৪০৫,15
mishkatul-masabih_bn,15,১৫,কসম ও মানত,كتاب الأيمان والنذور,,৩৪০৬ - ৩৪৪৫,16
mishkatul-masabih_bn,16,১৬,কিসাস (প্রতিশোধ),كتاب القصاص,,৩৪৪৬ - ৩৫৫৪,17
mishkatul-masabih_bn,17,১৭,দণ্ডবিধি,كتاب الحدود,,৩৫৫৫ - ৩৬৬০,18
mishkatul-masabih_bn,18,১৮,প্রশাসন ও বিচারকার্য,كتاب الإمارة والقضاء,,৩৬৬১ - ৩৭৮৬,19
mishkatul-masabih_bn,19,১৯,জিহাদ,كتاب الجهاد,,৩৭৮৭ - ৪০৬৩,20
mishkatul-masabih_bn,20,২০,শিকার ও যবেহ প্রসঙ্গে,كتاب الصيد والذبائح,,৪০৬৪ - ৪১৫৮,21
mishkatul-masabih_bn,21,২১,খাদ্য,كتاب الأطعمة,,৪১৫৯ - ৪৩০৩,22
mishkatul-masabih_bn,22,২২,পোশাক-পরিচ্ছদ,كتاب اللباس,,৪৩০৪ - ৪৫১৩,23
mishkatul-masabih_bn,23,২৩,চিকিৎসা ও মন্ত্র,كتاب الطب والرقى,,৪৫১৪ - ৪৬০৫,24
mishkatul-masabih_bn,24,২৪,স্বপ্ন,كتاب الرؤيا,,৪৬০৬ - ৪৬২৭,25
mishkatul-masabih_bn,25,২৫,শিষ্টাচার,كتاب الآداب,,৪৬২৮ - ৫১৫৪,26
mishkatul-masabih_bn,26,২৬,মন-গলানো উপদেশমালা,كتاب الرقَاق,,৫১৫৫ - ৫৩৭৮,27
mishkatul-masabih_bn,27,২৭,ফিতনা,كتاب الْفِتَن,,৫৩৭৯ - ৫৫২০,28
mishkatul-masabih_bn,28,২৮,সৃষ্টির সূচনা ও কেয়ামতের বিভিন্ন অবস্থা,كتاب أَحْوَال الْقِيَامَة وبدء الْخلق,,৫৫২১ - ৫৭৩৮,29
mishkatul-masabih_bn,29,২৯,চারিত্রিক গুণাবলি ও মর্যাদাসমূহ,كتاب الْفَضَائِل وَالشَّمَائِل,,৫৭৩৯ - ৫৯৭৮,30
mishkatul-masabih_bn,30,৩০,মান-মর্যাদা,كتاب المناقب,,৫৯৭৯ - ৬২৯৪,31
miskate-dhaif-hadis_bn,1,১,ঈমান,,,১ - ২০,1
miskate-dhaif-hadis_bn,2,২,কিতাব সুন্নাহকে দৃঢ়ভাবে আঁকড়ে ধরা,,,২১ - ৪০,2
miskate-dhaif-hadis_bn,3,৩,ইলম,,,৪১ - ৭২,3
miskate-dhaif-hadis_bn,4,৪,পবিত্রতা,,,৭৩ - ১০৬,4
muslim_bn,0,০,ভূমিকা,مُقَدِّمَةٌ,"সমস্ত প্রশংসা আল্লাহর যিনি জগতসমূহের প্রতিপালক। মুত্তাকীদের জন্যই রয়েছে উত্তম পরিণতি। আর সর্বশেষ নবী মুহাম্মাদ (সাল্লাল্লাহু 'আলাইহি ওয়া সাল্লাম)-এর উপর মহান আল্লাহর রহমাত বর্ষিত হোক।

فَإِنَّكَ يَرْحَمُكَ اللَّهُ بِتَوْفِيقِ خَالِقِكَ ذَكَرْتَ أَنَّكَ هَمَمْتَ بِالْفَحْصِ عَنْ تَعَرُّفِ جُمْلَةِ الْأَخْبَارِ الْمَأْثُورَةِ عَنْ رَسُولِ اللَّهِ ﷺ فِي سُنَنِ الدِّينِ وَأَحْكَامِهِ وَمَا كَانَ مِنْهَا فِي الثَّوَابِ وَالْعِقَابِ وَالتَّرْغِيبِ وَالتَّرْهِيبِ وَغَيْرِ ذَلِكَ مِنْ صُنُوفِ الْأَشْيَاءِ بِالْأَسَانِيدِ الَّتِي بِهَا نُقِلَتْ وَتَدَاوَلَهَا أَهْلُ الْعِلْمِ فِيمَا بَيْنَهُمْ فَأَرَدْتَ أَرْشَدَكَ اللَّهُ أَنْ تُوَقَّفَ عَلَى جُمْلَتِهَا مُؤَلَّفَةً مُحْصَاةً وَسَأَلْتَنِي أَنْ أُلَخِّصَهَا لَكَ فِي التَّأْلِيفِ بِلَا تَكْرَارٍ يَكْثُرُ فَإِنَّ ذَلِكَ زَعَمْتَ مِمَّا يَشْغَلُكَ عَمَّا لَهُ قَصَدْتَ مِنَ التَّفَهُّمِ فِيهَا وَالِاسْتِنْبَاطِ مِنْهَا . وَلِلَّذِي سَأَلْتَ أَكْرَمَكَ اللَّهُ حِينَ رَجَعْتُ إِلَى تَدَبُّرِهِ وَمَا تَؤُولُ بِهِ الْحَالُ إِنْ شَاءَ اللَّهُ عَاقِبَةً مَحْمُودَةً وَمَنْفَعَةً مَوْجُودَةً وَظَنَنْتُ حِينَ سَأَلْتَنِي تَجَشُّمَ ذَلِكَ أَنْ لَوْ عَزَمَ لِي عَلَيْهِ وَقَضَى لِي تَمَامَهُ كَانَ أَوَّلُ مَنْ يُصِيبُهُ نَفْعُ ذَلِكَ إِيَّاىَ خَاصَّةً قَبْلَ غَيْرِي مِنَ النَّاسِ لِأَسْبَابٍ كَثِيرَةٍ يَطُولُ بِذِكْرِهَا الْوَصْفُ إِلَّا أَنَّ جُمْلَةَ ذَلِكَ أَنَّ ضَبْطَ الْقَلِيلِ مِنْ هَذَا الشَّأْنِ وَإِتْقَانَهُ أَيْسَرُ عَلَى الْمَرْءِ مِنْ مُعَالَجَةِ الْكَثِيرِ مِنْهُ . وَلَا سِيَّمَا عِنْدَ مَنْ لَا تَمْيِيزَ عِنْدَهُ مِنَ الْعَوَامِ إِلَّا بِأَنْ يُوَقِّفَهُ عَلَى التَّمْيِيزِ غَيْرُهُ . فَإِذَا كَانَ الْأَمْرُ فِي هَذَا كَمَا وَصَفْنَا فَالْقَصْدُ مِنْهُ إِلَى الصَّحِيحِ الْقَلِيلِ أَوْلَى بِهِمْ مِنْ ازْدِيَادِ السَّقِيمِ وَإِنَّمَا يُرْجَى بَعْضُ الْْمَنْفَعَةِ فِي الِاسْتِكْثَارِ مِنْ هَذَا الشَّأْنِ وَجَمْعِ الْمُكَرَّرَاتِ مِنْهُ لِخَاصَّةٍ مِنَ النَّاسِ مِمَّنْ رُزِقَ فِيهِ بَعْضَ التَّيَقُّظِ وَالْمَعْرِفَةِ بِأَسْبَابِهِ وَعِلَلِهِ فَذَلِكَ إِنْ شَاءَ اللَّهُ يَهْجُمُ بِمَا أُوتِيَ مِنْ ذَلِكَ عَلَى الْفَائِدَةِ فِي الِاسْتِكْثَارِ مِنْ جَمْعِهِ . فَأَمَّا عَوَامُّ وَقَدْ عَجَزُوا عَنْ مَعْرِفَةِ الْقَلِيلِ .

হামদ ও সালাতের পর। আল্লাহ তা‘আলা তোমার প্রতি “রহমাত বর্ষণ করুন” তোমার সৃষ্টিকর্তা আল্লাহর অশেষ কৃপায় তুমি রসূলুল্লাহ (সাল্লাল্লাহু 'আলাইহি ওয়া সাল্লাম) থেকে পরিপূর্ণ দীন-ইসলাম ও শারী‘আতের বিধান (আদেশ-নিষেধ) সম্পর্কিত এবং পুরস্কার ও শাস্তি, উৎসাহ ও ভীতি ইত্যাদি সংক্রান্ত যে সব সহীহ হাদীস অবিচ্ছিন্ন সানাদ পরম্পরায় চলে আসছে, আর হাদীস শাস্ত্রবিশারদ মুহাদ্দিসগণ যা ধারাবাহিকভাবে বর্ণনা করে আসছেন, তা জানার জন্য আমার নিকট আকাঙ্ক্ষা ব্যক্ত করেছো এবং তুমি যে ইচ্ছা পোষণ করেছো (আল্লাহ তোমাকে সঠিক পথে পরিচালিত করুন) সে সমস্ত হাদীস একই স্থানে সংকলন আকারে পাওয়ার জন্য। তুমি আমাকে অনুরোধ করেছিলে যে, আমি যেন এ হাদীসগুলো সংকলন করতে গিয়ে কোন হাদীস বারবার উল্লেখ না করি এবং সংকলনটি যেন সংক্ষিপ্তাকারে প্রস্তুত করি। তোমার ধারণা একই হাদীসের পুনরাবৃত্তি ঘটলে তার নিগূঢ় তত্ত্ব অনুধাবন করা এবং তা থেকে বিভিন্ন মাসআলা বের করা যা তোমার মূল উদ্দেশ্য- তা ব্যাহত হবে। আল্লাহ তোমাকে সম্মানিত করুন। যে মহৎ কাজ আঞ্জাম দেয়ার জন্য তুমি আমাকে অনুরোধ করছো সে সম্পর্কে চিন্তা করে আমি যে সুন্দর ফলাফল দেখতে পাচ্ছি, আল্লাহ চান তো (ইনশাআল্লাহ) তা খুবই চমৎকার ও স্থায়ী ফলপ্রদ হবে। তুমি আমাকে যে কষ্ট স্বীকার করার জন্য অনুরোধ জানিয়েছো তার পরিপ্রেক্ষিতে আমি চিন্তা করে দেখেছি, যদি আমার দ্বারা এ কাজ সম্পন্ন হয় এবং আমার চেষ্টা ও সাধনা সার্থক প্রমাণিত হয় তা হলে আমিই প্রথমে এ সুফল লাভ করব। এর অনেক কারণ রয়েছে। সে সবের বর্ণনা করতে গেলে আলোচনা দীর্ঘ হয়ে পড়বে। তবে সার কথা হচ্ছে, অধিক সংখ্যক হাদীস আলোচনার চাইতে অল্প সংখ্যক হাদীস বিশুদ্ধ ও যথাযথভাবে মনে রাখা লোকদের পক্ষে সহজ। এতে তারা বিশেষভাবে উপকৃত হবে। কারণ, তারা অন্যের সাহায্য ব্যতীত সহীহ এবং ত্রুটিপূর্ণ হাদীসের মধ্যে পার্থক্য নিরূপণে সক্ষম নয়। এমতাবস্থায় তাদের জন্য অধিক সংখ্যক দুর্বল হাদীস বর্ণনা করার পরিবর্তে অল্প সংখ্যক সহীহ হাদীস বর্ণনা করা উত্তম। অবশ্য বিশেষ কিছু লোক যারা ‘ইলমে হাদীসে বিশেষ পাণ্ডিত্যের অধিকারী এবং হাদীসের ত্রুটি-বিচ্যুতি নিরূপণে সক্ষম অধিক সংখ্যক হাদীস বর্ণনা, সংকলন এবং পুনরাবৃত্তি তাদের উপকারে আসতে পারে। এ সব লোক নিজেদের যোগ্যতা ও প্রজ্ঞার মাধ্যমে হাদীসের বিরাট সংকলন থেকে আল্লাহ চান তো লাভবান হতে পারে। পক্ষান্তরে সাধারণ লোকের পক্ষে অধিক সংখ্যক হাদীসের খোঁজখুঁজি অর্থহীন। কেননা তারা অল্প সংখ্যক হাদীসের মধ্যেই সহীহ য‘ঈফ (বিশুদ্ধ ও দুর্বল) ইত্যাদি নির্ণয়ে অক্ষম।

ثُمَّ إِنَّا إِنْ شَاءَ اللَّهُ مُبْتَدِئُونَ فِي تَخْرِيجِ مَا سَأَلْتَ وَتَأْلِيفِهِ عَلَى شَرِيطَةٍ سَوْفَ أَذْكُرُهَا لَكَ وَهُوَ إِنَّا نَعْمِدُ إِلَى جُمْلَةِ مَا أُسْنِدَ مِنَ الْأَخْبَارِ عَنْ رَسُولِ اللَّهِ ﷺ فَنَقْسِمُهَا عَلَى ثَلَاثَةِ أَقْسَامٍ وَثَلَاثِ طَبَقَاتٍ مِنَ النَّاسِ عَلَى غَيْرِ تَكْرَارٍ . إِلَّا أَنْ يَأْتِيَ مَوْضِعٌ لَا يُسْتَغْنَى فِيهِ عَنْ تَرْدَادِ حَدِيثٍ فِيهِ زِيَادَةُ مَعْنًى أَوْ إِسْنَادٌ يَقَعُ إِلَى جَنْبِ إِسْنَادٍ لِعِلَّةٍ تَكُونُ هُنَاكَ لِأَنَّ الْمَعْنَى الزَّائِدَ فِي الْحَدِيثِ الْمُحْتَاجَ إِلَيْهِ يَقُومُ مَقَامَ حَدِيثٍ تَامٍّ فَلَا بُدَّ مِنْ إِعَادَةِ الْحَدِيثِ الَّذِي فِيهِ مَا وَصَفْنَا مِنَ الزِّيَادَةِ أَوْ أَنْ يُفْصَلَ ذَلِكَ الْمَعْنَى مِنْ جُمْلَةِ الْحَدِيثِ عَلَى اخْتِصَارِهِ إِذَا أَمْكَنَ . وَلَكِنْ تَفْصِيلُهُ رُبَّمَا عَسُرَ مِنْ جُمْلَتِهِ فَإِعَادَتُهُ بِهَيْئَتِهِ إِذَا ضَاقَ ذَلِكَ أَسْلَمُ فَأَمَّا مَا وَجَدْنَا بُدًّا مِنْ إِعَادَتِهِ بِجُمْلَتِهِ مِنْ غَيْرِ حَاجَةٍ مِنَّا إِلَيْهِ فَلَا نَتَوَلَّى فِعْلَهُ إِنْ شَاءَ اللَّهُ تَعَالَى .

অতঃপর তোমার আকাঙ্ক্ষাতে আল্লাহ চান তো হাদীস সংকলনের কাজে আমি একটি নীতি অবলম্বন করে এগিয়ে যাব। আর তা হচ্ছে রসূলুল্লাহ (সাল্লাল্লাহু 'আলাইহি ওয়া সাল্লাম) থেকে যে সব হাদীস অবিচ্ছিন্ন সানাদ পরম্পরায় (মুত্তাসিল) বর্ণিত হয়ে আসছে, আমি শুধুমাত্র সেগুলো থেকেই সংকলন করব। অতঃপর বর্ণনাকারীদের তিনটি স্তর অনুযায়ী হাদীসগুলোকে পূরণ ছাড়া তিন ভাগে বিভক্ত করব বলে ইচ্ছা করেছি। তবে যদি কোন হাদীসের পুনরুল্লেখ অপরিহার্য হয়ে পড়ে তাহলে ভিন্ন কথা। এর দু’টি কারণ— প্রথমত: পরবর্তী বর্ণনায় কিছু বাড়তি বিষয় আছে। দ্বিতীয়ত: কোন বিশেষ কারণে একটি সানাদের সমর্থনে আরেকটি সানাদ আনার প্রয়োজন হয়। কেননা, একটি বর্ধিত বিষয় একটি পূর্ণ হাদীসে। স্বাভাবিক হয় বলে পুনর্বার উল্লেখ করা প্রয়োজন। কিংবা যদি সম্ভব হয়, তাহলে আমরা এ বর্ধিত অংশটুকু সংক্ষিপ্ত আকারে পূর্ণ হাদীস থেকে পৃথক করে বর্ণনা করব। তবে অনেক সময় পূর্ণ হাদীস থেকে সে অংশ পৃথক করা কঠিন হয়ে পড়ে বলে পূর্ণ হাদীসটির পুনরাবৃত্তি করাই নিরাপদ। অবশ্য যদি আমরা পূর্ণ হাদীসটির পুনরুল্লেখ না করে অতিরিক্ত অংশ পৃথকভাবে বর্ণনা করতে পারি তাহলে কেবল সানাদ সহকারে অতিরিক্ত অংশটুকুই বর্ণনা করবো ইনশাআল্লাহ।

فَأَمَّا الْقِسْمُ الْأَوَّلُ فَإِنَّا نَتَوَخَّى أَنْ نُقَدِّمَ الْأَخْبَارَ الَّتِي هِيَ أَسْلَمُ مِنَ الْعُيُوبِ مِنْ غَيْرِهَا وَأَنْقَى مِنْ أَنْ يَكُونَ نَاقِلُوهَا أَهْلَ اسْتِقَامَةٍ فِي الْحَدِيثِ وَإِتْقَانٍ لِمَا نَقَلُوا لَمْ يُوجَدْ فِي رِوَايَتِهِمُ اخْتِلَافٌ شَدِيدٌ وَلَا تَخْلِيطٌ فَاحِشٌ كَمَا قَدْ عُثِرَ فِيهِ عَلَى كَثِيرٍ مِنَ الْمُحَدِّثِينَ وَبَانَ ذَلِكَ فِي حَدِيثِهِمْ.

প্রথম শ্রেণীতে আমরা এমন হাদীস বর্ণনা করবো, যেগুলো সব দিক থেকে ত্রুটি-বিচ্যুতিমুক্ত। কারণ এগুলোর বর্ণনাকারী হাদীস বর্ণনার ক্ষেত্রে নিষ্কলুষ চরিত্রবান, ন্যায়পরায়ণ, নিষ্ঠাবান ও আস্থাভাজন। তাঁদের বর্ণনার মধ্যে বড় রকমের বিরোধ নেই কিংবা তেমন গরমিলও নেই, যেমনটা অনেক রাবীর মধ্যে দেখা যায় এবং তাদের বর্ণনায় তা স্পষ্টভাবে প্রকাশও পেয়েছে।

فَإِذَا نَحْنُ تَقَصَّيْنَا أَخْبَارَ هَذَا الصِّنْفِ مِنَ النَّاسِ أَتْبَعْنَاهَا أَخْبَارًا يَقَعُ فِي أَسَانِيدِهَا بَعْضُ مَنْ لَيْسَ بِالْمَوْصُوفِ بِالْحِفْظِ وَالْإِتْقَانِ كَالصِّنْفِ الْمُقَدَّمِ قَبْلَهُمْ عَلَى أَنَّهُمْ وَإِنْ كَانُوا فِيمَا وَصَفْنَا دُونَهُمْ فَإِنَّ اسْمَ السِّتْرِ وَالصِّدْقِ وَتَعَاطِي الْعِلْمِ يَشْمَلُهُمْ كَعَطَاءِ بْنِ السَّائِبِ وَيَزِيدَ بْنِ أَبِي زِيَادٍ وَلَيْثِ بْنِ أَبِي سُلَيْمٍ وَأَضْرَابِهِمْ مِنْ حُمَّالِ الْآثَارِ وَنُقَّالِ الْأَخْبَارِ . فَهُمْ وَإِنْ كَانُوا بِمَا وَصَفْنَا مِنَ الْعِلْمِ وَالسِّتْرِ عِنْدَ أَهْلِ الْعِلْمِ مَعْرُوفِينَ فَغَيْرُهُمْ مِنْ أَقْرَانِهِمْ مِمَّنْ عِنْدَهُمْ مَا ذَكَرْنَا مِنَ الْإِتْقَانِ وَالِاسْتِقَامَةِ فِي الرِّوَايَةِ يَفْضُلُونَهُمْ فِي الْحَالِ وَالْمَرْتَبَةِ لِأَنَّ هَذَا عِنْدَ أَهْلِ الْعِلْمِ دَرَجَةٌ رَفِيعَةٌ وَخَصْلَةٌ سَنِيَّةٌ أَلَا تَرَى أَنَّكَ إِذَا وَازَنْتَ هَؤُلَاءِ الثَّلَاثَةَ الَّذِينَ سَمَّيْنَاهُمْ عَطَاءً وَيَزِيدَ وَلَيْثًا بِمَنْصُورِ بْنِ الْمُعْتَمِرِ وَسُلَيْمَانَ الْأَعْمَشِ وَإِسْمَاعِيلَ بْنِ أَبِي خَالِدٍ فِي إِتْقَانِ الْحَدِيثِ وَالِاسْتِقَامَةِ فِيهِ وَجَدْتَهُمْ مُبَايِنِينَ لَهُمْ لَا يُدَانُونَهُمْ لَا شَكَّ عِنْدَ أَهْلِ الْعِلْمِ بِالْحَدِيثِ فِي ذَلِكَ لِلَّذِي اسْتَفَاضَ عِنْدَهُمْ مِنْ صِحَّةِ حِفْظِ مَنْصُورٍ وَالْأَعْمَشِ وَإِسْمَاعِيلَ وَإِتْقَانِهِمْ لِحَدِيثِهِمْ وَأَنَّهُمْ لَمْ يَعْرِفُوا مِثْلَ ذَلِكَ مِنْ عَطَاءٍ وَيَزِيدَ وَلَيْثٍ وَفِي مِثْلِ مَجْرَى هَؤُلَاءِ إِذَا وَازَنْتَ بَيْنَ الْأَقْرَانِ كَابْنِ عَوْنٍ وَأَيُّوبَ السَّخْتِيَانِيِّ مَعَ عَوْفِ بْنِ أَبِي جَمِيلَةَ وَأَشْعَثَ الْحُمْرَانِيِّ وَهُمَا صَاحِبَا الْحَسَنِ وَابْنِ سِيرِينَ كَمَا أَنَّ ابْنَ عَوْنٍ وَأَيُّوبَ صَاحِبَاهُمَا إِلَّا أَنَّ الْبَوْنَ بَيْنَهُمَا وَبَيْنَ هَذَيْنِ بَعِيدٌ فِي كَمَالِ الْفَضْلِ وَصِحَّةِ النَّقْلِ وَإِنْ كَانَ عَوْفٌ وَأَشْعَثُ غَيْرَ مَدْفُوعَيْنِ عَنْ صِدْقٍ وَأَمَانَةٍ عِنْدَ أَهْلِ الْعِلْمِ وَلَكِنَّ الْحَالَ مَا وَصَفْنَا مِنَ الْمَنْزِلَةِ عِنْدَ أَهْلِ الْعِلْمِ وَإِنَّمَا مَثَّلْنَا هَؤُلَاءِ فِي التَّسْمِيَةِ لِيَكُونَ تَمْثِيلُهُمْ سِمَةً يَصْدُرُ عَنْ فَهْمِهَا مَنْ غَبِيَ عَلَيْهِ طَرِيقُ أَهْلِ الْعِلْمِ فِي تَرْتِيبِ أَهْلِهِ فِيهِ فَلَا يُقَصَّرُ بِالرَّجُلِ الْعَالِي الْقَدْرِ عَنْ دَرَجَتِهِ وَلَا يُرْفَعُ مُتَّضِعُ الْقَدْرِ فِي الْعِلْمِ فَوْقَ مَنْزِلَتِهِ وَيُعْطَى كُلُّ ذِي حَقٍّ فِيهِ حَقَّهُ وَيُنَزَّلُ مَنْزِلَتَهُ . وَقَدْ ذُكِرَ عَنْ عَائِشَةَ رَضِيَ الله تَعَالَى عَنْهَا أَنَّهَا قَالَتْ أَمَرَنَا رَسُولُ اللَّهِ ﷺ أَنْ نُنْزِلَ النَّاسَ مَنَازِلَهُمْ . مَعَ مَا نَطَقَ بِهِ الْقُرْآنُ مِنْ قَوْلِ اللهِ تَعَالَى (وَفَوْقَ كُلِّ ذِي عِلْمٍ عَلِيمٌ) [سورة يوسف : ٧٦] فَعَلَى نَحْوِ مَا ذَكَرْنَا مِنَ الْوُجُوهِ نُؤَلِّفُ مَا سَأَلْتَ مِنَ الْأَخْبَارِ عَنْ رَسُولِ اللَّهِ ﷺ.

দ্বিতীয় পর্যায়ে আমরা এমন হাদীস বর্ণনা করবো, যার বর্ণনাকারীদের কেউ কেউ প্রথম স্তরের রাবীদের অনুরূপ মেধা, স্মৃতিশক্তি ও সুখ্যাতির অধিকারী নন। এরা প্রথম স্তরের রাবীদের সমান মর্যাদা সম্পন্ন না হলেও এঁদের দোষত্রুটি প্রকাশ পায়নি এবং সত্যবাদী ও হাদীসের রাবী হিসেবে এরা গণ্য হয়েছেন। হাদীস বিশারদগণ এদের পরিত্যাগ না করে বরং এঁদের কাছে নির্দ্বিধায় ‘ইলম হাসিল করেছেন। যেমন ‘আতা ইবনু সায়িব, ইয়ায়ীদ ইবনু আবূ যিয়্যাদ ও লায়স ইবনু আবূ সুলায়ম এবং এ ধরনের অন্যান্য রাবীগণ। এরা যদিও জ্ঞান, চরিত্র ও যোগ্যতার দিক থেকে ‘আলিমদের কাছে প্রসিদ্ধি লাভ করেছেন, কিন্তু তাঁরা সমকালীন সিকাহ (স্মরণশক্তি ও বর্ণনার দৃঢ়তায় উত্তীর্ণ) রাবীদের সম-মর্যাদার অধিকারী নন। হাদীস বিশেষজ্ঞদের নিকট এ স্মৃতিশক্তি ও বিশ্বস্ত তা, উন্নত মর্যাদা ও উত্তম বৈশিষ্ট্যের মাপকাঠি। তুমি কি লক্ষ্য করছো না যে, যদি উপরোক্ত তিনজন অর্থাৎ ‘আতা, ইয়ায়ীদ ও লায়সকে মানসূর ইবনু মু‘তামির, সুলাইমান আল-আ‘মাশ ও ইসমা‘ঈল ইবনু আবূ খালিদের সাথে হাদীস সংরক্ষণে দৃঢ়তা ও মজবুতির মান তুলনা করে দেখতে পাবে– তাঁদের মর্যাদা সম্পূর্ণ আলাদা। তাঁরা মানসূর, আ‘মাশ ও ইসমা‘ঈলের কাছেও পৌঁছতে সক্ষম নন। নিঃসন্দেহে মানসূর, আ‘মাশ ও ইসমা‘ঈলের স্মৃতিশক্তি ও বিশ্বস্ততা হাদীস বিশেষজ্ঞদের কাছে যতখানি প্রসিদ্ধি পেয়েছে ‘আতা, ইয়ায়ীদ ও লায়সের ক্ষেত্রে ততখানি নয়। যদি তুমি ইবনু ‘আওন ও আইয়ূব সাখতিয়ানীকে সমকালীন রাবী ‘আওফ ইবনু আবূ জামীলাহ্ আশ‘আস হুমরানীয় সঙ্গে তুলনা কর তবে দেখতে পাবে মর্যাদার পূর্ণতায় ও বর্ণনার নির্ভুলতায় তাঁদের মধ্যে যথেষ্ট ব্যবধান রয়েছে। অথচ ইবনু ‘আওন ও আইয়ূব এবং ‘আওফ ও আশ‘আস চারজনই হাসান বাসরী ও ইবনু সীরীনের শাগরিদ। আর হাদীস বিশেষজ্ঞদের মতে শেষোক্ত দু’জনও সত্যনিষ্ঠ ও আমানাতদার। তদুপরি হাদীস বিশেষজ্ঞদের নিকট প্রথমোক্ত দু’জনের সঙ্গে এ দু’জনের মর্যাদার পার্থক্য বিদ্যমান। আমরা এখানে কয়েকজন রাবীর নাম উল্লেখ করে উদাহরণ পেশ করছি। হাদীস বিশেষজ্ঞদের মধ্যে বিভিন্ন দিক থেকে যে মর্যাদাগত ও যোগ্যতার তারতম্য রয়েছে, তা যার জানা নেই এ দৃষ্টান্ত তার জন্য পথনির্দেশ হিসেবে কাজ করবে। ফলে উচ্চমর্যাদা ও যোগ্যতা সম্পন্ন ব্যক্তিকে তাঁর প্রাপ্য মর্যাদা থেকে খাটো করে দেখা হবে না এবং নিম্ন মর্যাদা ও যোগ্যতাসম্পন্ন ব্যক্তিকে তাঁর প্রাপ্য মর্যাদার উপরে স্থান দেয়া হবে না। বরং প্রত্যেককে তাঁর প্রাপ্য অধিকার দিয়ে স্বীয় মর্যাদায় সমাসীন করাই আমাদের কাম্য। ‘আয়িশাহ্ সিদ্দীকা (রাযিঃ) হতে বর্ণিত, তিনি বলেন : রসূলুল্লাহ (সাল্লাল্লাহু 'আলাইহি ওয়া সাল্লাম) আমাদের নির্দেশ দিয়েছেন যে, আমরা যেন প্রত্যেককে তার আপন আপন মর্যাদা দেই। বিষয়টি কুরআনে এ আয়াত দ্বারা প্রমাণিত। ইরশাদ হচ্ছে : “প্রত্যেক জ্ঞানীর উপর রয়েছে এক মহাজ্ঞানী”– (সূরাহ ইউসুফ ১২ : ৭৬)। তোমার অনুরোধে আমরা উল্লেখিত শর্ত সামনে রেখে রসূলুল্লাহ (সাল্লাল্লাহু 'আলাইহি ওয়া সাল্লাম)-এর হাদীস সংকলন করব।

فَأَمَّا مَا كَانَ مِنْهَا عَنْ قَوْمٍ هُمْ عِنْدَ أَهْلِ الْحَدِيثِ مُتَّهَمُونَ أَوْ عِنْدَ الْأَكْثَرِ مِنْهُمْ فَلَسْنَا نَتَشَاغَلُ بِتَخْرِيجِ حَدِيثِهِمْ كَعَبْدِ اللَّهِ بْنِ مِسْوَرٍ أَبِي جَعْفَرٍ الْمَدَائِنِيِّ وَعَمْرِو بْنِ خَالِدٍ وَعَبْدِ الْقُدُّوسِ الشَّامِيِّ وَمُحَمَّدِ بْنِ سَعِيدٍ الْمَصْلُوبِ وَغِيَاثِ بْنِ إِبْرَاهِيمَ وَسُلَيْمَانَ بْنِ عَمْرٍو أَبِي دَاوُدَ النَّخَعِيِّ وَأَشْبَاهِهِمْ مِمَّنِ اتُّهِمَ بِوَضْعِ الْأَحَادِيثِ وَتَوْلِيدِ الْأَخْبَارِ . وَكَذَلِكَ مَنِ الْغَالِبُ عَلَى حَدِيثِهِ الْمُنْكَرُ أَوِ الْغَلَطُ أَمْسَكْنَا أَيْضًا عَنْ حَدِيثِهِمْ . وَعَلَامَةُ الْمُنْكَرِ فِي حَدِيثِ الْمُحَدِّثِ إِذَا مَا عُرِضَتْ رِوَايَتُهُ لِلْحَدِيثِ عَلَى رِوَايَةِ غَيْرِهِ مِنْ أَهْلِ الْحِفْظِ وَالرِّضَا خَالَفَتْ رِوَايَتُهُ رِوَايَتَهُمْ أَوْ لَمْ تَكَدْ تُوَافِقُهَا فَإِذَا كَانَ الْأَغْلَبُ مِنْ حَدِيثِهِ كَذَلِكَ كَانَ مَهْجُورَ الْحَدِيثِ غَيْرَ مَقْبُولِهِ وَلَا مُسْتَعْمَلِهِ . فَمِنْ هَذَا الضَّرْبِ مِنَ الْمُحَدِّثِينَ عَبْدُ اللَّهِ بْنُ مُحَرَّرٍ وَيَحْيَى بْنُ أَبِي أُنَيْسَةَ وَالْجَرَّاحُ بْنُ الْمِنْهَالِ أَبُو الْعَطُوفِ وَعَبَّادُ بْنُ كَثِيرٍ وَحُسَيْنُ بْنُ عَبْدِ اللَّهِ بْنِ ضُمَيْرَةَ وَعُمَرُ بْنُ صُهْبَانَ وَمَنْ نَحَا نَحْوَهُمْ فِي رِوَايَةِ الْمُنْكَرِ مِنَ الْحَدِيثِ . فَلَسْنَا نُعَرِّجُ عَلَى حَدِيثِهِمْ وَلَا نَتَشَاغَلُ بِهِ لِأَنَّ حُكْمَ أَهْلِ الْعِلْمِ وَالَّذِي نَعْرِفُ مِنْ مَذْهَبِهِمْ فِي قَبُولِ مَا يَتَفَرَّدُ بِهِ الْمُحَدِّثُ مِنَ الْحَدِيثِ أَنْ يَكُونَ قَدْ شَارَكَ الثِّقَاتِ مِنْ أَهْلِ الْعِلْمِ وَالْحِفْظِ فِي بَعْضِ مَا رَوَوْا وَأَمْعَنَ فِي ذَلِكَ عَلَى الْمُوَافَقَةِ لَهُمْ فَإِذَا وُجِدَ كَذَلِكَ ثُمَّ زَادَ بَعْدَ ذَلِكَ شَيْئًا لَيْسَ عِنْدَ أَصْحَابِهِ قُبِلَتْ زِيَادَتُهُ فَأَمَّا مَنْ تَرَاهُ يَعْمِدُ لِمِثْلِ الزُّهْرِيِّ فِي جَلَالَتِهِ وَكَثْرَةِ أَصْحَابِهِ الْحُفَّاظِ الْمُتْقِنِينَ لِحَدِيثِهِ وَحَدِيثِ غَيْرِهِ أَوْ لِمِثْلِ هِشَامِ بْنِ عُرْوَةَ وَحَدِيثُهُمَا عِنْدَ أَهْلِ الْعِلْمِ مَبْسُوطٌ مُشْتَرَكٌ قَدْ نَقَلَ أَصْحَابُهُمَا عَنْهُمَا حَدِيثَهُمَا عَلَى الِاتِّفَاقِ مِنْهُمْ فِي أَكْثَرِهِ فَيَرْوِي عَنْهُمَا أَوْ عَنْ أَحَدِهِمَا الْعَدَدَ مِنَ الْحَدِيثِ مِمَّا لَا يَعْرِفُهُ أَحَدٌ مِنْ أَصْحَابِهِمَا وَلَيْسَ مِمَّنْ قَدْ شَارَكَهُمْ فِي الصَّحِيحِ مِمَّا عِنْدَهُمْ فَغَيْرُ جَائِنٍ قَبُولُ حَدِيثِ هَذَا الضَّرْبِ مِنَ النَّاسِ وَاللَّهُ أَعْلَمُ .

কিন্তু হাদীস বিশারদদের সবাই কিংবা তাঁদের অধিকাংশ যে সব রাবীর সমালোচনা করেছেন বা দোষ-ত্রুটি নির্দেশ করেছেন কিংবা তাদের মিথ্যাচারী বলে উল্লেখ করেছেন, আমরা এদের বর্ণিত হাদীস পরিত্যাগ করব। যেমন ‘আবদুল্লাহ ইবনু মিসওয়ার, আবূ জা‘ফার আল মাদায়িনী, ‘আমর ইবনু খালিদ, ‘আবদুল কুদ্দুস শামী, মুহাম্মাদ ইবনু সা‘ঈদ আল মাসলুব, গিয়াস ইবনু ইবনু ইবরাহীম, সুলাইমান ইবনু ‘উমার, আবূ দাউদ নাখ‘ঈ এবং এদের মতো আরও অন্যান্য রাবীগণ। এদের বিরুদ্ধে জাল হাদীস বর্ণনা করার এবং মনগড়া হাদীস রচনার অভিযোগ রয়েছে। আর যাদের বর্ণনা নির্ভরযোগ্য বর্ণনার পরিপন্থী (মুনকার) অথবা ভুল-ভ্রান্তি প্রমাণিত হয়েছে তাদের বর্ণিত হাদীসও গ্রহণ করা থেকে আমরা বিরত থাকব।
ইমাম মুসলিম (রহঃ) মুনকার হাদীসের সংজ্ঞা দিতে গিয়ে বলেছেন : মুনকার (প্রত্যাখ্যাত) হাদীসের নিদর্শন এই যে, কোন রাবীর বর্ণনাকে কোন স্মৃতিশক্তি সম্পন্ন এবং সর্বজন-মান্য রাবীর বর্ণনার সাথে তুলনা করলে যদি দেখা যায় যে, প্রথমোক্ত রাবীর বর্ণনা শেষোক্ত (নির্ভরযোগ্য) রাবীর বর্ণনার সম্পূর্ণ বিরোধী কিংবা অধিকাংশ ক্ষেত্রেই গরমিল রয়েছে, সেরূপ হাদীসকে মুনকার হাদীস বলা হয়। সুতরাং যদি তার অধিকাংশ বর্ণনাই এরূপ হয় তাহলে তার বর্ণিত হাদীস গ্রহণযোগ্য নয় এবং প্রয়োগযোগ্যও নয়।
এ পর্যায়ের রাবীদের মধ্যে রয়েছে ‘আবদুল্লাহ ইবনু মুহাররার, ইয়াহ্ইয়া ইবনু আবূ উনাইসাহ, আল জাররাহ ইবনু মিনহাল আবুল ‘আতুফ, ‘আববাদ ইবনু কাসীর, হুসায়ন ইবনু ‘আবদুল্লাহ ইবনু যুমাইরাহ, ‘উমার ইবনু সুহবান এবং তাদের অনুরূপ হাদীস বর্ণনাকারীগণ- যারা মুনকার হাদীস বর্ণনা করেছেন। অতএব আমরা এদের বর্ণিত হাদীসের প্রতি ভ্রুক্ষেপ করব না এবং তাদের হাদীস বর্ণনাও করব না।
একক রাবীর (মুফরাদ) বর্ণনা সম্পর্কে হাদীস বিশারদগণ যে সিদ্ধান্ত দিয়েছেন এবং এ ব্যাপারে তাঁদের যে মাযহাব জানা গেছে তা হলো : যে হাদীসটি মাত্র একজন রাবী বর্ণনা করেছেন, তিনি যদি হাদীস বর্ণনার ক্ষেত্রে সিকাহ এবং হাফিযুল হাদীস রাবীদের সাথে পুরোপুরি অথবা আংশিকভাবে শারীক থাকেন এবং তাঁদের বর্ণনার সঙ্গে সামঞ্জস্য রক্ষার প্রতি যত্নবান হন, তাঁর বর্ণিত হাদীসে যদি কিছু অতিরিক্ত অংশ থাকে যা তাঁদের বর্ণনায় নেই তাহলে তার বর্ণিত হাদীস গ্রহণযোগ্য হবে।
হাদীস চর্চার ক্ষেত্রে ইমাম যুহরীর স্থান ও মর্যাদা অনেক উর্ধ্বে। তাঁর বহু ছাত্র হাফিযুল হাদীস এবং শক্তিশালী রাবী হিসেবে প্রসিদ্ধ ছিলেন। তাঁরা তাঁর ও অপরাপর মুহাদ্দিসের হাদীসসমূহও নিখুঁতভাবে বর্ণনা করেছেন। হাদীস বিশারদদের মধ্যে ইমাম যুহরী ও হিশাম ইবনু ‘উরওয়ার বর্ণিত হাদীস ব্যাপকভাবে ছড়িয়ে আছে। এ দু’জনের ছাত্রগণ একমত্যে তাঁদের বর্ণিত হাদীস বর্ণনা করেছেন। এমতাবস্থায় যদি দেখা যায় যে, কোন ব্যক্তি তাঁদের উভয়ের (যুহরী ও হিশাম) থেকে অথবা তাঁদের কোন একজনের কাছ থেকে এমন কোন হাদীস বর্ণনা করার দাবী করে যে সম্পর্কে তাদের ছাত্রগণ অবহিত নন, তাছাড়া সে ব্যক্তি তাঁদের কারো সাথে কোন সহীহ বর্ণনায় শারীকও নয় এরূপ লোকের বর্ণিত হাদীস গ্রহণযোগ্য নয়। আর আল্লাহ সর্বজ্ঞ।

وَقَدْ شَرَحْنَا مِنْ مَذْهَبِ الْحَدِيثِ وَأَهْلِهِ بَعْضَ مَا يَتَوَجَّهُ بِهِ مَنْ أَرَادَ سَبِيلَ الْقَوْمِ وَوُفِّقَ لَهَا وَسَنَزِيدُ إِنْ شَاءَ اللَّهُ تَعَالَى شَرْحًا وَإِيضَاحًا فِي مَوَاضِعَ مِنَ الْكِتَابِ عِنْدَ ذِكْرِ الْأَخْبَارِ الْمُعَلَّلَةِ إِذَا أَتَيْنَا عَلَيْهَا فِي الْأَمَاكِنِ الَّتِي يَلِيقُ بِهَا الشَّرْحُ وَالْإِيضَاحُ إِنْ شَاءَ اللَّهُ تَعَالَى .

আর আমরা হাদীস ও হাদীস বর্ণনাকারীদের কয়েকটি মূলনীতির ব্যাখ্যা দিলাম, যাতে যিনি মুহাদ্দিসগণের পথ অনুসরণ করার ইচ্ছা পোষণ করেন এবং আল্লাহ তা‘আলা যাকে এ পথে চলার তাওফীক দান করেন, তিনি এ দিকে বিশেষ লক্ষ্য রাখতে পারেন। ইনশাআল্লাহ, আমরা যথাস্থানে মু‘আল্লালাহ (ত্রুটিযুক্ত) হাদীস সম্পর্কে বর্ণনা করার সময় এ সম্পর্কে অধিক ব্যাখ্যা বিশ্লেষণের প্রয়াস পাব। উল্লেখ্য যে, আল্লাহ তোমার প্রতি সদয় হোন।

وَبَعْدُ يَرْحَمُكَ اللهُ فَلَوْلاَ الَّذِي رَأَيْنَا مِنْ سُوءِ صَنِيعِ كَثِيرٍ مِمَّنْ نَصَبَ نَفْسَهُ مُحَدِّثًا فِيمَا يَلْزَمُهُمْ مِنْ طَرْحِ الْأَحَادِيثِ الضَّعِيفَةِ وَالرِّوَايَاتِ الْمُنْكَرَةِ وَتَرْكِهِمُ الِاقْتِصَارَ عَلَى الْأَحَادِيثِ الصَّحِيحَةِ الْمَشْهُورَةِ مِمَّا نَقَلَهُ الثِّقَاتُ الْمَعْرُوفُونَ بِالصِّدْقِ وَالْأَمَانَةِ بَعْدَ مَعْرِفَتِهِمْ وَإِقْرَارِهِمْ بِأَلْسِنَتِهِمْ أَنَّ كَثِيرًا مِمَّا يَقْذِفُونَ بِهِ إِلَى الْأَغْبِيَاءِ مِنَ النَّاسِ هُوَ مُسْتَنْكَرٌ وَمَنْقُولٌ عَنْ قَوْمٍ غَيْرِ مَرْضِيِّينَ مِمَّنْ ذَمَّ الرِّوَايَةَ عَنْهُمْ أَئِمَّةُ أَهْلِ الْحَدِيثِ مِثْلُ مَالِكِ بْنِ أَنَسٍ وَشُعْبَةَ بْنِ الْحَجَّاجِ وَسُفْيَانَ بْنِ عُيَيْنَةَ وَيَحْيَى بْنِ سَعِيدٍ الْقَطَّانِ وَعَبْدِ الرَّحْمَنِ بْنِ مَهْدِيٍّ وَغَيْرِهِمْ مِنَ الْأَئِمَّةِ لَمَا سَهَّلَ عَلَيْنَا الِانْتِصَابَ لِمَا سَأَلْتَ مِنَ التَّمْيِيزِ وَالتَّحْصِيلِ . وَلَكِنْ مِنْ أَجْلِ مَا أَعْلَمْنَاكَ مِنْ نَشْرِ الْقَوْمِ الْأَخْبَارَ الْمُنْكَرَةَ بِالْأَسَانِيدِ الضِّعَافِ الْمَجْهُولَةِ وَقَذْفِهِمْ بِهَا إِلَى الْعَوَامِّ الَّذِينَ لَا يَعْرِفُونَ عُيُوبَهَا خَفَّ عَلَى قُلُوبِنَا إِجَابَتُكَ إِلَى مَا سَأَلْتَ.

আর তোমার প্রতি আল্লাহর রহম করে, এর পরে স্বঘোষিত মুহাদ্দিসদের অপকর্ম আমাদের চোখের সামনেই রয়েছে। তাঁরা জানে এবং স্বীকারও করে যে, তারা শারী‘আহ্ বিষয়ে জ্ঞানহীনদের কাছে ছড়িয়ে দেয় যেগুলো এমন সব লোক হতে বর্ণিত যারা আহলুল হাদীসগণের নিকট মিথ্যা বর্ণনার অভিযোগে অভিযুক্ত। যা মুনকার, অথচ উচিত ছিল এ সব মুনকার হাদীস বর্ণনা থেকে বিরত থাকা। তাদের উচিত কেবল সেসব হাদীস বর্ণনা করা যেগুলো সহীহ ও মাশহুর, যেগুলো বিশ্বাসভাজন নিষ্ঠাবাস ও ন্যায়পরায়ণতায় প্রসিদ্ধ রাবীগণ বর্ণনা করেছেন। সেসব মহান রাবীগণের মধ্যে রয়েছেন মালিক ইবনু আনাস, শু‘বাহ ইবনু হাজ্জাজ, সুফইয়ান ইবনু ‘উওয়াইনাহ, ইয়াহ্ইয়া ইবনু সা‘ঈদ আল কাত্তান, ‘আবদুর রহমান ইবনু মাহদী প্রমুখ। কেবল তোমার অনুরোধে সহীহ হাদীসগুলো বাছাই করার কষ্ট স্বীকার করা আমার পক্ষে সম্ভব হতো না; কিন্তু যখন দেখতে পেলাম, তথাকথিত মুহাদ্দিসরা সাধারণের মধ্যে মুনকার ও মিথ্যা হাদীস প্রচার করছে তখনই কাজে সাড়া দেয়া আমার পক্ষে সহজ হলো।",১ - ৯৪,1
muslim_bn,1,১,ঈমান,كتاب الإيمان,,১ - ৪২১,2
muslim_bn,2,২,তাহারাত (পবিত্রতা),كتاب الطهارة,,৪২২ - ৫৬৫,3
muslim_bn,3,৩,হায়িয (ঋতুস্রাব),كتاب الحيض,,৫৬৬ - ৭২২,4
muslim_bn,4,৪,সালাত,كتاب الصلاة,,৭২৩ - ১০৪৭,5
muslim_bn,5,৫,মসজিদ ও সালাতের স্থানসমূহ,كتاب المساجد ومواضعِ الصلاة,,১০৪৮ - ১৪৫৪,6
muslim_bn,6,৬,মুসাফিরদের সালাত ও তার কসর,كتاب صلاة المسافرين وقصرها,,১৪৫৫ - ১৭২১,7
muslim_bn,7,৭,কোরআনের মর্যাদাসমূহ ও এতদসংশ্লিষ্ট বিষয়,باب فضائل القران وما يتعلق به,,১৭২২ - ১৮৩৫,8
muslim_bn,8,৮,জুমু’আ,كتاب الجمعة,,১৮৩৬ - ১৯২৮,9
muslim_bn,9,৯,দুই ঈদের সালাত,كتاب صلاة العيدين,,১৯২৯ - ১৯৫৪,10
muslim_bn,10,১০,ইস্‌তিস্‌ক্বার সলাত,كتاب صلاة الاستسقاء,,১৯৫৫ - ১৯৭৩,11
muslim_bn,11,১১,সূর্যগ্রহণের বর্ণনা,كتاب الكسوف,,১৯৭৪ - ২০০৭,12
muslim_bn,12,১২,জানাযা সম্পর্কিত,كتاب الجنائز,,২০০৮ - ২১৫২,13
muslim_bn,13,১৩,যাকাত,كتاب الزكاة,,২১৫৩ - ২৩৮৪,14
muslim_bn,14,১৪,কিতাবুস্‌ সিয়াম (রোজা),كتاب الصيام,,২৩৮৫ - ২৬৬৯,15
muslim_bn,15,১৫,ই’তিকাফ,كتاب الاعتكاف,,২৬৭০ - ২৬৮০,16
muslim_bn,16,১৬,হজ্জ,كتاب الحج,,২৬৮১ - ৩২৮৮,17
muslim_bn,17,১৭,বিবাহ,كتاب النكاح,,৩২৮৯ - ৩৪৫৯,18
muslim_bn,18,১৮,দুধপান,كتاب الرضاع,,৩৪৬০ - ৩৫৪৩,19
muslim_bn,19,১৯,ত্বলাক্ব,كتاب الطلاق,,৩৫৪৪ - ৩৬৩৪,20
muslim_bn,20,২০,লি’আন,كتاب اللعان,,৩৬৩৫ - ৩৬৬১,21
muslim_bn,21,২১,দাসমুক্তি,كتاب العتق,,৩৬৬২ - ৩৬৯২,22
muslim_bn,22,২২,ক্রয়-বিক্রয়,كتاب البيوع,,৩৬৯৩ - ৩৮৫৩,23
muslim_bn,23,২৩,মুসাকাহ (পানি সেচের বিনিময়ে ফসলের একটি অংশ প্রদান),كتاب المساقاة,,৩৮৫৪ - ৪০৩১,24
muslim_bn,24,২৪,ফারায়িয,كتاب الفرائض,,৪০৩২ - ৪০৫৪,25
muslim_bn,25,২৫,হিবাত (দান),كتاب الهبات,,৪০৫৫ - ৪০৯৫,26
muslim_bn,26,২৬,ওয়াসিয়্যাত,كتاب الوصية,,৪০৯৬ - ৪১২৬,27
muslim_bn,27,২৭,মানত,كتاب النذر,,৪১২৭ - ৪১৪৫,28
muslim_bn,28,২৮,কসম,كتاب الأيمان,,৪১৪৬ - ৪২৩৩,29
muslim_bn,29,২৯,"‘কাসামাহ’ (খুনের ব্যপারে হলফ করা), ‘মুহারিবীন’ (শত্রু সৈন্য), ‘কিসাস” (খুনের বদলা) এবং ‘দিয়াত’ (খুনের শাস্তি স্বরূপ জরিমানা)",كتاب القسامة والمحاربين والقصاص والديات,,৪২৩৪ - ৪২৮৯,30
muslim_bn,30,৩০,অপরাধের (নির্ধারিত) শাস্তি,كتاب الحدود,,৪২৯০ - ৪৩৬১,31
muslim_bn,31,৩১,বিচার বিধান,كتاب الأقضية,,৪৩৬২ - ৪৩৮৯,32
muslim_bn,32,৩২,হারানো বস্তু প্রাপ্তি,كتاب اللقطة,,৪৩৯০ - ৪৪১০,33
muslim_bn,33,৩৩,জিহাদ ও এর নীতিমালা,كتاب الجهاد والسير,,৪৪১১ - ৪৫৯৪,34
muslim_bn,34,৩৪,প্রশাসন ও নেতৃত্ব,كتاب الإمارة,,৪৫৯৫ - ৪৮৬৫,35
muslim_bn,35,৩৫,শিকার ও যবেহকৃত জন্তু এবং যেসব পশুর গোশত খাওয়া হালাল,كتاب الصيد والذبائح وما يؤكل من الحيوان,,৪৮৬৬ - ৪৯৫৭,36
muslim_bn,36,৩৬,কুরবানী,كتاب الأضاحى,,৪৯৫৮ - ৫০২০,37
muslim_bn,37,৩৭,পানীয় বস্তু,كتاب الأشربة,,৫০২১ - ৫২৭৮,38
muslim_bn,38,৩৮,পোশাক ও সাজসজ্জা,كتاب اللباس والزينة,,৫২৭৯ - ৫৪৭৮,39
muslim_bn,39,৩৯,শিষ্টাচার,كتاب الآداب,,৫৪৭৯ - ৫৫৩৮,40
muslim_bn,40,৪০,সালাম,كتاب السلام,,৫৫৩৯ - ৫৭৫৪,41
muslim_bn,41,৪১,শব্দচয়ন ও শব্দ প্রয়োগে শিষ্টাচার,كتاب الألفاظ من الأدب وغيرها,,৫৭৫৫ - ৫৭৭৭,42
muslim_bn,42,৪২,কবিতা,كتاب الشعر,,৫৭৭৮ - ৫৭৮৯,43
muslim_bn,43,৪৩,স্বপ্ন,كتاب الرؤيا,,৫৭৯০ - ৫৮৩১,44
muslim_bn,44,৪৪,ফযীলত,كتاب الفضائل,,৫৮৩২ - ৬০৬২,45
muslim_bn,45,৪৫,সাহাবা (রাযিঃ)- গণের ফযীলত (মর্যাদা),كتاب فضائل الصحابة رضى الله تعالى عنهم,,৬০৬৩ - ৬৩৯৩,46
muslim_bn,46,৪৬,"সদ্ব্যবহার, আত্মীয়তার সম্পর্ক রক্ষা ও শিষ্টাচার",كتاب البر والصلة والآداب,,৬৩৯৪ - ৬৬১৫,47
muslim_bn,47,৪৭,তাকদীর,كتاب القدر,,৬৬১৬ - ৬৬৬৭,48
muslim_bn,48,৪৮,‘ইল্‌ম,كتاب العلم,,৬৬৬৮ - ৬৬৯৭,49
muslim_bn,49,৪৯,"যিক্‌র, দু’আ, তওবা ও ইস্‌তিগফার",كتاب الذكر والدعاء والتوبة والاستغفار,,৬৬৯৮ - ৬৮৪৪,50
muslim_bn,50,৫০,তওবা,كتاب التوبة,,৬৮৪৫ - ৬৯১৬,51
muslim_bn,51,৫১,মুনাফিকদের আচরণ এবং তাদের সম্পর্কে বিধান,كتاب صفات المنافقين وأحكامهم,,৬৯১৭ - ৬৯৩৭,52
muslim_bn,52,৫২,"কিয়ামত, জান্নাত ও জাহান্নামের বর্ণনা",كتاب صفة القيامة والجنة والنار,,৬৯৩৮ - ৭০২১,53
muslim_bn,53,৫৩,"জান্নাত, জান্নাতের নি’আমাত ও জান্নাতবাসীদের বর্ণনা",كتاب الجنة وصفة نعيمها وأهلها,,৭০২২ - ৭১২৬,54
muslim_bn,54,৫৪,ফিতনাসমুহ ও কিয়ামতের নিদর্শনাবলী,كتاب الفتن وأشراط الساعة,,৭১২৭ - ৭৩০৬,55
muslim_bn,55,৫৫,যুহ্‌দ ও দুনিয়ার ব্যপারে আকর্ষণহীনতা সম্পর্কিত বর্ণনা,كتاب الزهد والرقائق,,৭৩০৭ - ৭৪১২,56
muslim_bn,56,৫৬,তাফসীর,كتاب التفسير,,৭৪১৩ - ৭৪৫৩,57
muwatta-malik_bn,1,১,নামাযের সময়,,,১ - ৩০,1
muwatta-malik_bn,2,২,পবিত্রতা অর্জন,,,৩১ - ১৪৫,2
muwatta-malik_bn,3,৩,নামায,,,১৪৬ - ২১৫,3
muwatta-malik_bn,4,৪,নামাযের ভুলভ্রান্তি,,,২১৬ - ২১৮,4
muwatta-malik_bn,5,৫,জুম’আ,,,২১৯ - ২৩৯,5
muwatta-malik_bn,6,৬,রমাযানের নামায,,,২৪০ - ২৪৬,6
muwatta-malik_bn,7,৭,রাত্রে নফল নামায,,,২৪৭ - ২৭৯,7
muwatta-malik_bn,8,৮,জামা’আতে নামায আদায় করা,,,২৮০ - ৩১৭,8
muwatta-malik_bn,9,৯,সফরে নামায কসর আদায় করা,,,৩১৮ - ৪১২,9
muwatta-malik_bn,10,১০,দুই ঈদ,,,৪১৩ - ৪২৫,10
muwatta-malik_bn,11,১১,সালাতুল-খাওফ,,,৪২৬ - ৪২৯,11
muwatta-malik_bn,12,১২,সালাতুল-কুসূফ,,,৪৩০ - ৪৩৩,12
muwatta-malik_bn,13,১৩,বৃষ্টি প্রার্থনা,,,৪৩৪ - ৪৩৯,13
muwatta-malik_bn,14,১৪,কিবলা,,,৪৪০ - ৪৫৩,14
muwatta-malik_bn,15,১৫,কুরআন,,,৪৫৪ - ৫০৩,15
muwatta-malik_bn,16,১৬,জানাইয,,,৫০৪ - ৫৫৯,16
muwatta-malik_bn,17,১৭,যাকাত,,,৫৬০ - ৬১৫,17
muwatta-malik_bn,18,১৮,রোযা,,,৬১৬ - ৬৭৫,18
muwatta-malik_bn,19,১৯,ই’তিকাফ,,,৬৭৬ - ৬৯১,19
muwatta-malik_bn,20,২০,হজ্জ,,,৬৯২ - ৯৪৯,20
muwatta-malik_bn,21,২১,জিহাদ সম্পর্কিত,,,৯৫০ - ১০০০,21
muwatta-malik_bn,22,২২,মানত ও কসম সম্পর্কিত অধ্যায়,,,১০০১ - ১০১৭,22
muwatta-malik_bn,23,২৩,কুরবানী সম্পর্কিত অধ্যায়,,,১০১৮ - ১০৩০,23
muwatta-malik_bn,24,২৪,যবেহ সম্পর্কিত অধ্যায়,,,১০৩১ - ১০৩৯,24
muwatta-malik_bn,25,২৫,শিকার সম্পর্কীত অধ্যায়,,,১০৪০ - ১০৫৮,25
muwatta-malik_bn,26,২৬,আকীকা সম্পর্কিত,,,১০৫৯ - ১০৬৫,26
muwatta-malik_bn,27,২৭,ফারায়েয,,,১০৬৬ - ১০৮১,27
muwatta-malik_bn,28,২৮,বিবাহ,,,১০৮২ - ১১৩৮,28
muwatta-malik_bn,29,২৯,তালাক অধ্যায়,,,১১৩৯ - ১২৪৭,29
muwatta-malik_bn,30,৩০,সন্তানের দুধ পান করানোর বিধান,,,১২৪৮ - ১২৬৪,30
muwatta-malik_bn,31,৩১,ক্রয়-বিক্রয় সংক্রান্ত,,,১২৬৫ - ১৩৬৭,31
muwatta-malik_bn,32,৩২,শরীকী কারবার করা অধ্যায়,,,১৩৬৮ - ১৩৮৩,32
muwatta-malik_bn,33,৩৩,শরীকানায় ফলের বাগানে উৎপাদন বিষয়ক অধ্যায়,,,১৩৮৪ - ১৩৮৬,33
muwatta-malik_bn,34,৩৪,জমি (কেয়ারা) ভাড়া দেয়ার অধ্যায়,,,১৩৮৭ - ১৩৯১,34
muwatta-malik_bn,35,৩৫,শুফ্’আ,,,১৩৯২ - ১৩৯৫,35
muwatta-malik_bn,36,৩৬,বিচার সম্পর্কিত,,,১৩৯৬ - ১৪৪৯,36
muwatta-malik_bn,37,৩৭,ওসীয়্যত সম্পর্কিত,,,১৪৫০ - ১৪৫৮,37
muwatta-malik_bn,38,৩৮,গোলাম আযাদ করা এবং স্বত্বাধিকার,,,১৪৫৯ - ১৪৮৩,38
muwatta-malik_bn,39,৩৯,ক্রীতদাস আযাদীর জন্য অর্থ প্রদান করার চুক্তি করার অধ্যায়,,,১৪৮৪ - ১৪৯৮,39
muwatta-malik_bn,40,৪০,মুদাব্বার অধ্যায়,,,১৪৯৯ - ১৫০৬,40
muwatta-malik_bn,41,৪১,হুদুদের অধ্যায়,,,১৫০৭ - ১৫৪০,41
muwatta-malik_bn,42,৪২,শরাবের বর্ণনা অধ্যায়,,,১৫৪১ - ১৫৫৫,42
muwatta-malik_bn,43,৪৩,দিয়াত অধ্যায়,,,১৫৫৬ - ১৫৭১,43
muwatta-malik_bn,44,৪৪,কাসামত বা কসম নেয়া অধ্যায়,,,১৫৭২ - ১৫৭৩,44
muwatta-malik_bn,45,৪৫,বিভিন্ন প্রকারের মাস‘আলা সম্বলিত অধ্যায়,,,১৫৭৪ - ১৫৯৯,45
muwatta-malik_bn,46,৪৬,তকদীর অধ্যায়,,,১৬০০ - ১৬০৯,46
muwatta-malik_bn,47,৪৭,সৎস্বভাব বিষয়ক অধ্যায়,,,১৬১০ - ১৬২৭,47
muwatta-malik_bn,48,৪৮,পোশাক-পরিচ্ছদ অধ্যায়,,,১৬২৮ - ১৬৪৬,48
muwatta-malik_bn,49,৪৯,রসূলুল্লাহ্ সল্লাল্লাহু আলাইহি ওয়াসাল্লাম-এর দৈহিক গঠন সম্পর্কে,,,১৬৪৭ - ১৬৮৫,49
muwatta-malik_bn,50,৫০,বদনজর সংক্রান্ত অধ্যায়,,,১৬৮৬ - ১৭০৩,50
muwatta-malik_bn,51,৫১,চুল বিষয়ক অধ্যায়,,,১৭০৪ - ১৭২০,51
muwatta-malik_bn,52,৫২,স্বপ্ন সম্পর্কিত অধ্যায়,,,১৭২১ - ১৭২৭,52
muwatta-malik_bn,53,৫৩,সালাম সম্পর্কিত অধ্যায়,,,১৭২৮ - ১৭৩৫,53
muwatta-malik_bn,54,৫৪,ঘরে প্রবেশ করার অনুমতি গ্রহণ বিষয়ক অধ্যায়,,,১৭৩৬ - ১৭৭৯,54
muwatta-malik_bn,55,৫৫,বায়‘আত অধ্যায়,,,১৭৮০ - ১৭৮২,55
muwatta-malik_bn,56,৫৬,কথাবার্তা সম্পর্কিত অধ্যায়,,,১৭৮৩ - ১৮১০,56
muwatta-malik_bn,57,৫৭,জাহান্নাম অধ্যায়,,,১৮১১ - ১৮১২,57
muwatta-malik_bn,58,৫৮,সাদাকাহ্ সম্পর্কিত অধ্যায়,,,১৮১৩ - ১৮২৭,58
muwatta-malik_bn,59,৫৯,ইলম অধ্যায়,,,১৮২৮ - ১৮২৮,59
muwatta-malik_bn,60,৬০,মযলুমের বদ দু‘আ অধ্যায়,,,১৮২৯ - ১৮২৯,60
muwatta-malik_bn,61,৬১,নবী সাল্লাল্লাহু ‘আলাইহি ওয়া সাল্লাম-এর পবিত্র নামসমূহ,,,১৮৩০ - ১৮৩০,61
nasai_bn,1,১,পবিত্রতা,كتاب الطهارة,,১ - ৩২৪,1
nasai_bn,2,২,পানির বিবরন,كتاب المياه,,৩২৫ - ৩৪৭,2
nasai_bn,3,৩,হায়েজ ও ইস্তিহাজা প্রসঙ্গে,كتاب الحيض والاستحاضة,,৩৪৮ - ৩৯৫,3
nasai_bn,4,৪,গোসল ও তায়াম্মুম,كتاب الغسل والتيمم,,৩৯৬ - ৪৪৭,4
nasai_bn,5,৫,নামাজ প্রসঙ্গে,كتاب الصلاة,,৪৪৮ - ৪৯৩,5
nasai_bn,6,৬,নামাজের সময়সীমা,كتاب المواقيت,,৪৯৪ - ৬২৫,6
nasai_bn,7,৭,আযান,كتاب الأذان,,৬২৬ - ৬৮৭,7
nasai_bn,8,৮,মসজিদ,كتاب المساجد,,৬৮৮ - ৭৪১,8
nasai_bn,9,৯,কিবলা,كتاب القبلة,,৭৪২ - ৭৭৬,9
nasai_bn,10,১০,ইমামত,كتاب الإمامة,,৭৭৭ - ৮৭৫,10
nasai_bn,11,১১,নামাজ শুরু করা,كتاب الافتتاح,,৮৭৬ - ১০২৮,11
nasai_bn,12,১২,তাত্ববীক [রুকুতে দু'হাত হাঁটুদ্বয়ের মাঝে স্থাপন] করা,كتاب التطبيق,,১০২৯ - ১১৭৮,12
nasai_bn,13,১৩,সাহু,كتاب السهو,,১১৭৯ - ১৩৬৬,13
nasai_bn,14,১৪,জুমু'আ,كتاب الجمعة,,১৩৬৭ - ১৪৩২,14
nasai_bn,15,১৫,সফরে নামাজ সংক্ষিপ্ত করা,كتاب تقصير الصلاة فى السفر,,১৪৩৩ - ১৪৫৮,15
nasai_bn,16,১৬,গ্রহণ,كتاب الكسوف,,১৪৫৯ - ১৫০৩,16
nasai_bn,17,১৭,ইস্তিস্কা [বৃষ্টির জন্য দুয়া করা],كتاب الاستسقاء,,১৫০৪ - ১৫২৮,17
nasai_bn,18,১৮,ভয়কালীন নামাজ,كتاب صلاة الخوف,,১৫২৯ - ১৫৫৫,18
nasai_bn,19,১৯,উভয় ঈদের নামায,كتاب صلاة العيدين,,১৫৫৬ - ১৫৯৭,19
nasai_bn,20,২০,তাহাজ্জুদ ও দিনের নফল নামাজ,كتاب قيام الليل وتطوع النهار,,১৫৯৮ - ১৮১৭,20
nasai_bn,21,২১,জানাজা,كتاب الجنائز,,১৮১৮ - ২০৮৯,21
nasai_bn,22,২২,সাওম [রোযা],كتاب الصيام,,২০৯০ - ২৪৩৪,22
nasai_bn,23,২৩,যাকাত,كتاب الزكاة,,২৪৩৫ - ২৬১৮,23
nasai_bn,24,২৪,হজ্জের নিয়ম পদ্ধতি,كتاب مناسك الحج,,২৬১৯ - ৩০৮৪,24
nasai_bn,25,২৫,জিহাদ,كتاب الجهاد,,৩০৮৫ - ৩১৯৫,25
nasai_bn,26,২৬,নিকাহ,كتاب النكاح,,৩১৯৬ - ৩৩৮৮,26
nasai_bn,27,২৭,তালাক,كتاب الطلاق,,৩৩৮৯ - ৩৫৬০,27
nasai_bn,28,২৮,ঘোড়া,كتاب الخيل,,৩৫৬১ - ৩৫৯৩,28
nasai_bn,29,২৯,ওয়াক্‌ফ,كتاب الأحباس,,৩৫৯৪ - ৩৬১০,29
nasai_bn,30,৩০,ওয়াসিয়াত,كتاب الوصايا,,৩৬১১ - ৩৬৭১,30
nasai_bn,31,৩১,বিশেষ দান,كتاب النحل,,৩৬৭২ - ৩৬৮৭,31
nasai_bn,32,৩২,হিবা,كتاب الهبة,,৩৬৮৮ - ৩৭০৫,32
nasai_bn,33,৩৩,রুকবা,كتاب الرقبى,,৩৭০৬ - ৩৭১৯,33
nasai_bn,34,৩৪,'উমরারূপে (আজীবনের জন্য) দান করা,كتاب العمرى,,৩৭২০ - ৩৭৬০,34
nasai_bn,35,৩৫,মানত ও কসম,كتاب الأيمان والنذور,,৩৭৬১ - ৩৮৫৬,35
nasai_bn,36,৩৬,বর্গাচাষ,كتاب المزارعة,,৩৮৫৭ - ৩৯৩৮,36
nasai_bn,37,৩৭,স্ত্রীর সাথে ব্যবহার,كتاب عشرة النساء,,৩৯৩৯ - ৩৯৬৫,37
nasai_bn,38,৩৮,রক্তপাত হারাম হওয়া প্রসঙ্গে,كتاب تحريم الدم,,৩৯৬৬ - ৪১৩২,38
nasai_bn,39,৩৯,যুদ্ধলব্ধ মাল বণ্টন,كتاب قسم الفيء,,৪১৩৩ - ৪১৪৮,39
nasai_bn,40,৪০,বায়'আত,كتاب البيعة,,৪১৪৯ - ৪২১১,40
nasai_bn,41,৪১,আকীকা,كتاب العقيقة,,৪২১২ - ৪২২১,41
nasai_bn,42,৪২,ফারা এবং ‘আতীরা,كتاب الفرع والعتيرة,,৪২২২ - ৪২৬২,42
nasai_bn,43,৪৩,শিকার ও যবেহকৃত জন্তু,كتاب الصيد والذبائح,,৪২৬৩ - ৪৩৬০,43
nasai_bn,44,৪৪,কুরবানী,كتاب الضحايا,,৪৩৬১ - ৪৪৪৮,44
nasai_bn,45,৪৫,ক্রয়-বিক্রয়,كتاب البيوع,,৪৪৪৯ - ৪৭০৫,45
nasai_bn,46,৪৬,কাসামাহ,كتاب القسامة,,৪৭০৬ - ৪৮৬৯,46
nasai_bn,47,৪৭,চোরের হাত কাটা,كتاب قطع السارق,,৪৮৭০ - ৪৯৮৪,47
nasai_bn,48,৪৮,ঈমান এবং এর বিধানাবলী,كتاب الإيمان وشرائعه,,৪৯৮৫ - ৫০৩৯,48
nasai_bn,49,৪৯,সাজসজ্জা,كتاب الزينة,,৫০৪০ - ৫৩৭৮,49
nasai_bn,50,৫০,বিচারকের নীতিমালা,كتاب آداب القضاة,,৫৩৭৯ - ৫৪২৭,50
nasai_bn,51,৫১,আল্লাহর আশ্রয় গ্রহণ করা,كتاب الاستعاذة,,৫৪২৮ - ৫৫৩৯,51
nasai_bn,52,৫২,বিভিন্ন প্রকার পানীয় [ও তার বিধান],كتاب الأشربة,,৫৫৪০ - ৫৭৫৮,52
ramadaner-durbol-hadis_bn,1,১,রমযান বিষয়ে জাল ও দুর্বল হাদিসসমূহ,,,১ - ৩৬,1
riyadus-salihin_bn,1,১,বিবিধ,كتاب المقدمات,,১ - ৬৮৫,1
riyadus-salihin_bn,2,২,শিষ্টাচার,كتاب الأدب,,৬৮৬ - ৭৩১,2
riyadus-salihin_bn,3,৩,পানাহারের আদব-কায়দা,كتاب أدب الطعام,,৭৩২ - ৭৮২,3
riyadus-salihin_bn,4,৪,পোষাক-পরিচছদ,كتــــاب اللباس,,৭৮৩ - ৮১৭,4
riyadus-salihin_bn,5,৫,নিদ্রার আদব,كتاب آداب النوم,,৮১৮ - ৮৪৮,5
riyadus-salihin_bn,6,৬,সালামের আদব,كتاب السلام,,৮৪৯ - ৮৯৮,6
riyadus-salihin_bn,7,৭,রোগীদর্শন ও জানাযায় অংশগ্রহণ,كتاب عيادة المريض وتشييع الميت والصلاة عليه وحضور دفنه المكث عند قبره بعد دفنه,,৮৯৯ - ৯৬২,7
riyadus-salihin_bn,8,৮,সফরের আদব-কায়দা,كتاب آداب السفر,,৯৬৩ - ৯৯৭,8
riyadus-salihin_bn,9,৯,বিভিন্ন নেক আমলের ফযীলত প্রসঙ্গে,كتاب الفضائل,,৯৯৮ - ১২৭৫,9
riyadus-salihin_bn,10,১০,ই‘তিকাফ,كتاب الاعتكاف,,১২৭৬ - ১২৭৮,10
riyadus-salihin_bn,11,১১,(কা‘বাগৃহের) হজ্জ পালন,كتاب الحج,,১২৭৯ - ১২৯২,11
riyadus-salihin_bn,12,১২,(আল্লাহর পথে) জিহাদ,كتاب الجهاد,,১২৯৩ - ১৩৮৩,12
riyadus-salihin_bn,13,১৩,ইলম (জ্ঞান ও শিক্ষা) বিষয়ক অধ্যায়,كتاب العلم,,১৩৮৪ - ১৪০০,13
riyadus-salihin_bn,14,১৪,মহান আল্লাহর প্রশংসা ও তাঁর কৃতজ্ঞতা স্বীকার,كتاب حمد الله تعالى وشكره,,১৪০১ - ১৪০৪,14
riyadus-salihin_bn,15,১৫,রাসূলুল্লাহ ﷺ এর উপর দরূদ ও সালাম প্রসঙ্গে,كتاب الصلاة على رسول الله صلى الله عليه وسل),,১৪০৫ - ১৪১৫,15
riyadus-salihin_bn,16,১৬,যিকির-আযকার প্রসঙ্গে,كتاب الأذكار,,১৪১৬ - ১৪৭২,16
riyadus-salihin_bn,17,১৭,(প্রার্থনামূলক) দো‘আসমূহ,كتاب الدعوات,,১৪৭৩ - ১৫১৮,17
riyadus-salihin_bn,18,১৮,নিষিদ্ধ বিষয়াবলী,كتاب الأمور المنهي عنها,,১৫১৯ - ১৮১৬,18
riyadus-salihin_bn,19,১৯,বিবিধ চিত্তকর্ষী হাদিসসমূহ,كتاب المنثورات والملح,,১৮১৭ - ১৮৭৭,19
riyadus-salihin_bn,20,২০,ক্ষমাপ্রার্থনামূলক নির্দেশাবলী,كتاب الاستغفار,,১৮৭৮ - ১৯০৫,20
sahih-hadise-qudsi_bn,1,১,সহিহ হাদিসের কুদসি সমগ্র,,,১ - ১৬৩,1
shamayele-tirmidhi_bn,1,১,রাসূলুল্লাহ (সাঃ) এর দৈহিক গঠন,,,১ - ১১,1
shamayele-tirmidhi_bn,2,২,রাসুলুল্লাহ (সাঃ) এর মোহরে নবুওয়াত,,,১২ - ১৮,2
shamayele-tirmidhi_bn,3,৩,রাসূলুল্লাহ (সাঃ) এর চুল,,,১৯ - ২৬,3
shamayele-tirmidhi_bn,4,৪,রাসূলুল্লাহ (সাঃ) এর মাথার চুল বিন্যাস করা,,,২৭ - ২৯,4
shamayele-tirmidhi_bn,5,৫,রাসূলুল্লাহ (সাঃ) এর বার্ধক্য (চুল সাদা হওয়া),,,৩০ - ৩৭,5
shamayele-tirmidhi_bn,6,৬,রাসূলুল্লাহ (সাঃ) এর খিযাব লাগানো,,,৩৮ - ৪০,6
shamayele-tirmidhi_bn,7,৭,রাসূলুল্লাহ (সাঃ) এর সুরমা ব্যবহার,,,৪১ - ৪৩,7
shamayele-tirmidhi_bn,8,৮,রাসূলুল্লাহ (সাঃ)-এর পোশাক-পরিচ্ছদ,,,৪৪ - ৫৫,8
shamayele-tirmidhi_bn,9,৯,রাসূলুল্লাহ (সাঃ) এর জীবন-যাপন,,,৫৬ - ৫৭,9
shamayele-tirmidhi_bn,10,১০,রাসূলুল্লাহ (সাঃ) এর মোজা ব্যবহার,,,৫৮ - ৫৮,10
shamayele-tirmidhi_bn,11,১১,রাসূলুল্লাহ (সাঃ) এর জুতা,,,৫৯ - ৬৮,11
shamayele-tirmidhi_bn,12,১২,রাসূলুল্লাহ (সাঃ) এর আংটির বিবরণ,,,৬৯ - ৭৪,12
shamayele-tirmidhi_bn,13,১৩,নবী (সাঃ) ডান হাতে আংটি পরিধান করতেন,,,৭৫ - ৮০,13
shamayele-tirmidhi_bn,14,১৪,রাসূলুল্লাহ (সাঃ) এর তরবারির বিবরণ,,,৮১ - ৮১,14
shamayele-tirmidhi_bn,15,১৫,রাসূলুল্লাহ (সাঃ) এর যুদ্ধের পোশাকের বিবরণ,,,৮২ - ৮৩,15
shamayele-tirmidhi_bn,16,১৬,রাসূলুল্লাহ (সাঃ) এর হেলমেট (শিরস্ত্রাণ) এর বিবরণ,,,৮৪ - ৮৫,16
shamayele-tirmidhi_bn,17,১৭,নবী (সাঃ) এর পাগড়ি,,,৮৬ - ৮৯,17
shamayele-tirmidhi_bn,18,১৮,রাসূলুল্লাহ (সাঃ) এর লুঙ্গির বিবরণ,,,৯০ - ৯২,18
shamayele-tirmidhi_bn,19,১৯,রাসূলুল্লাহ (সাঃ) এর হাঁটা-চলা,,,৯৩ - ৯৪,19
shamayele-tirmidhi_bn,20,২০,রাসূলুল্লাহ (সাঃ) এর মস্তকাবরণ ব্যবহার,,,৯৫ - ৯৫,20
shamayele-tirmidhi_bn,21,২১,রাসূলুল্লাহ (সাঃ) এর উঠা-বসা,,,৯৬ - ৯৭,21
shamayele-tirmidhi_bn,22,২২,রাসূলুল্লাহ (সাঃ) এর বালিশে হেলান দেয়ার বিবরণ,,,৯৮ - ১০১,22
shamayele-tirmidhi_bn,23,২৩,রাসূলুল্লাহ (সাঃ)-এর (বালিশ ছাড়া অন্য কিছুতে) ঠেস দেয়া,,,১০২ - ১০২,23
shamayele-tirmidhi_bn,24,২৪,রাসূলুল্লাহ (সাঃ) এর পানাহারের নিয়ম পদ্ধতি,,,১০৩ - ১০৬,24
shamayele-tirmidhi_bn,25,২৫,রাসূলুল্লাহ (সাঃ) এর রুটির বিবরণ,,,১০৭ - ১১২,25
shamayele-tirmidhi_bn,26,২৬,রাসূলুল্লাহ (সাঃ) এর তরকারীর বর্ণনা,,,১১৩ - ১৩৬,26
shamayele-tirmidhi_bn,27,২৭,আহার গ্রহণকালে রাসূলুল্লাহ (সাঃ) এর ওযূ,,,১৩৭ - ১৩৮,27
shamayele-tirmidhi_bn,28,২৮,খাওয়ার পূর্বে ও পরে রাসূলুল্লাহ (সাঃ) এর দুআ,,,১৩৯ - ১৪৩,28
shamayele-tirmidhi_bn,29,২৯,রাসূলুল্লাহ (সাঃ) এর পানপাত্র,,,১৪৪ - ১৪৫,29
shamayele-tirmidhi_bn,30,৩০,রাসূলুল্লাহ (সাঃ) এর ফলমূলের বিবরণ,,,১৪৬ - ১৪৯,30
shamayele-tirmidhi_bn,31,৩১,রাসূলুল্লাহ (সাঃ) এর পানীয় বস্তুর বিবরণ,,,১৫০ - ১৫১,31
shamayele-tirmidhi_bn,32,৩২,রাসূলুল্লাহ (সাঃ) এর পান করার পদ্ধতি,,,১৫২ - ১৬০,32
shamayele-tirmidhi_bn,33,৩৩,রাসূলুল্লাহ (সাঃ) এর সুগদ্ধি ব্যবহার,,,১৬১ - ১৬৪,33
shamayele-tirmidhi_bn,34,৩৪,রাসূলুল্লাহ (সাঃ) এর বাচনভঙ্গি,,,১৬৫ - ১৬৭,34
shamayele-tirmidhi_bn,35,৩৫,রাসূলুল্লাহ (সাঃ) এর হাসি,,,১৬৮ - ১৭৩,35
shamayele-tirmidhi_bn,36,৩৬,রাসূলুল্লাহ (সাঃ) এর কৌতুক,,,১৭৪ - ১৭৯,36
shamayele-tirmidhi_bn,37,৩৭,কাব্যিক ছন্দে রাসূলুল্লাহ (সাঃ) এর কথা,,,১৮০ - ১৮৭,37
shamayele-tirmidhi_bn,38,৩৮,রাসূলুল্লাহ (সাঃ) এর রাত্রে গল্প বলা,,,১৮৮ - ১৮৮,38
shamayele-tirmidhi_bn,39,৩৯,রাসূলুল্লাহ (সাঃ) এর নিদ্রা,,,১৮৯ - ১৯৪,39
shamayele-tirmidhi_bn,40,৪০,রাসূল (সাঃ) এর ইবাদাত,,,১৯৫ - ২১৫,40
shamayele-tirmidhi_bn,41,৪১,রাসূলুল্লাহ (সাঃ) এর দ্বোহার সালাত,,,২১৬ - ২২২,41
shamayele-tirmidhi_bn,42,৪২,ঘরে নফল সালাত,,,২২৩ - ২২৩,42
shamayele-tirmidhi_bn,43,৪৩,রাসূলুল্লাহ (সাঃ) এর রোযা,,,২২৪ - ২৩৯,43
shamayele-tirmidhi_bn,44,৪৪,রাসূলুল্লাহ (সাঃ) এর কিরাআত,,,২৪০ - ২৪৬,44
shamayele-tirmidhi_bn,45,৪৫,রাসূলুল্লাহ (সাঃ) এর ক্ৰন্দন,,,২৪৭ - ২৫২,45
shamayele-tirmidhi_bn,46,৪৬,রাসূলুল্লাহ (সাঃ) এর বিছানা,,,২৫৩ - ২৫৩,46
shamayele-tirmidhi_bn,47,৪৭,রাসূলুল্লাহ (সাঃ) এর বিনয়,,,২৫৪ - ২৬৪,47
shamayele-tirmidhi_bn,48,৪৮,রাসূলুল্লাহ (সাঃ) এর চরিত্র (মাধুর্য),,,২৬৫ - ২৭৬,48
shamayele-tirmidhi_bn,49,৪৯,রাসূলুল্লাহ (সাঃ) এর লজ্জাবোধ,,,২৭৭ - ২৭৭,49
shamayele-tirmidhi_bn,50,৫০,রাসূলুল্লাহ (সাঃ) এর শিঙ্গা লাগানো,,,২৭৮ - ২৮৩,50
shamayele-tirmidhi_bn,51,৫১,রাসূলুল্লাহ (সাঃ) এর নাম,,,২৮৪ - ২৮৫,51
shamayele-tirmidhi_bn,52,৫২,রাসূলুল্লাহ (সাঃ) এর জীবিকা,,,২৮৬ - ২৯১,52
shamayele-tirmidhi_bn,53,৫৩,রাসূলুল্লাহ (সাঃ) এর বয়স সম্পর্কে যা বর্ণিত হয়েছে,,,২৯২ - ২৯৬,53
shamayele-tirmidhi_bn,54,৫৪,রাসূলুল্লাহ (সাঃ) এর ওফাত,,,২৯৭ - ৩০৭,54
shamayele-tirmidhi_bn,55,৫৫,রাসূলুল্লাহ (সাঃ) এর মীরাস,,,৩০৮ - ৩১৪,55
shamayele-tirmidhi_bn,56,৫৬,রাসূলুল্লাহ (সাঃ) কে স্বপ্নযোগে দর্শন,,,৩১৫ - ৩২২,56
silsila-sahiha_bn,1,১,"উত্তম চরিত্র, অনুকম্পা ও (আত্মীয়তার) সম্পর্ক বজায় রাখা প্রসংগ",,,১ - ৬০,1
targib-wattahrib_bn,1,১,ইখলাস,,,১ - ৩৬,1
targib-wattahrib_bn,2,২,সুন্নাত অধ্যায়,,,৩৭ - ৬৬,2
targib-wattahrib_bn,3,৩,ইলম বা বিদ্যা অধ্যায়,,,৬৭ - ১৪৪,3
targib-wattahrib_bn,4,৪,পবিত্রতা,,,১৪৫ - ২০০,4
tirmidhi_bn,1,১,পবিত্রতা,كتاب الطهارة عن رسول الله ﷺ,,১ - ১৪৮,1
tirmidhi_bn,2,২,সালাত (নামায),كتاب الصلاة عن رسول الله ﷺ,,১৪৯ - ৪৫১,2
tirmidhi_bn,3,৩,কিতাবুল বিতর (বিতর নামায),كتاب الوِترِ,,৪৫২ - ৪৮৭,3
tirmidhi_bn,4,৪,কিতাবুল জুমা (জুমার নামায),كتاب الجمعة عن رسول الله ﷺ,,৪৮৮ - ৬১৬,4
tirmidhi_bn,5,৫,যাকাত,كتاب الزكاة عن رسول الله ﷺ,,৬১৭ - ৬৮১,5
tirmidhi_bn,6,৬,কিতাবুল সিয়াম (রোযা),كتاب الصوم عن رسول الله ﷺ,,৬৮২ - ৮০৮,6
tirmidhi_bn,7,৭,হজ্জ,الحج,,৮০৯ - ৯৬৪,7
tirmidhi_bn,8,৮,জানাযা,كتاب الجنائز عن رسول الله ﷺ,,৯৬৫ - ১০৭৯,8
tirmidhi_bn,9,৯,বিবাহ,كتاب النكاح عن رسول الله ﷺ,,১০৮০ - ১১৪৫,9
tirmidhi_bn,10,১০,শিশুর দুধপান,كتاب الرضاع,,১১৪৬ - ১১৭৪,10
tirmidhi_bn,11,১১,তালাক ও লিআন,كتاب الطلاق واللعان عن رسول الله ﷺ,,১১৭৫ - ১২০৪,11
tirmidhi_bn,12,১২,ক্রয়-বিক্রয় ও ব্যবসা-বাণিজ্য,كتاب البيوع عن رسول الله ﷺ,,১২০৫ - ১৩২১,12
tirmidhi_bn,13,১৩,বিচার কার্য,كتاب الأحكام عن رسول الله ﷺ,,১৩২২ - ১৩৮৫,13
tirmidhi_bn,14,১৪,দিয়াত বা রক্তপণ,كتاب الديات عن رسول الله ﷺ,,১৩৮৬ - ১৪২২,14
tirmidhi_bn,15,১৫,হাদ্দ বা দন্ডবিধি,كتاب الحدود عن رسول الله ﷺ,,১৪২৩ - ১৪৬৩,15
tirmidhi_bn,16,১৬,শিকার,كتاب الصيد والذبائح عن رسول الله ﷺ,,১৪৬৪ - ১৪৯২,16
tirmidhi_bn,17,১৭,কুরবানী,كتاب الأضاحى عن رسول الله ﷺ,,১৪৯৩ - ১৫২৩,17
tirmidhi_bn,18,১৮,মানত ও শপথ,كتاب النذور والأيمان عن رسول الله ﷺ,,১৫২৪ - ১৫৪৭,18
tirmidhi_bn,19,১৯,যুদ্ধাভিযান,كتاب السير عن رسول الله ﷺ,,১৫৪৮ - ১৬১৮,19
tirmidhi_bn,20,২০,জিহাদের ফজিলত,كتاب فضائل الجهاد عن رسول الله ﷺ,,১৬১৯ - ১৬৬৯,20
tirmidhi_bn,21,২১,জিহাদ,كتاب الجهاد عن رسول الله ﷺ,,১৬৭০ - ১৭১৯,21
tirmidhi_bn,22,২২,পোশাক-পরিচ্ছদ,كتاب اللباس,,১৭২০ - ১৭৮৭,22
tirmidhi_bn,23,২৩,আহার ও খাদ্যদ্রব্য,كتاب الأطعمة عن رسول الله ﷺ,,১৭৮৮ - ১৮৬০,23
tirmidhi_bn,24,২৪,পানপাত্র ও পানীয়,كتاب الأشربة عن رسول الله ﷺ,,১৮৬১ - ১৮৯৬,24
tirmidhi_bn,25,২৫,সদ্ব্যবহার ও পারস্পরিক সম্পর্ক বজায় রাখা,كتاب البر والصلة عن رسول الله ﷺ,,১৮৯৭ - ২০৩৫,25
tirmidhi_bn,26,২৬,চিকিৎসা,كتاب الطب عن رسول الله ﷺ,,২০৩৬ - ২০৮৯,26
tirmidhi_bn,27,২৭,ফারায়েজ,كتاب الفرائض عن رسول الله ﷺ,,২০৯০ - ২১১৫,27
tirmidhi_bn,28,২৮,ওয়াসিয়াত,كتاب الوصايا عن رسول الله ﷺ,,২১১৬ - ২১২৪,28
tirmidhi_bn,29,২৯,ওয়ালাআ ও হিবা,كتاب الولاء والهبة عن رسول الله ﷺ,,২১২৫ - ২১৩২,29
tirmidhi_bn,30,৩০,তাকদীর,كتاب القدر عن رسول الله ﷺ,,২১৩৩ - ২১৫৭,30
tirmidhi_bn,31,৩১,কলহ ও বিপর্যয়,كتاب الفتن عن رسول الله ﷺ,,২১৫৮ - ২২৬৯,31
tirmidhi_bn,32,৩২,স্বপ্ন ও তার তাৎপর্য,كتاب الرؤيا عن رسول الله ﷺ,,২২৭০ - ২২৯৪,32
tirmidhi_bn,33,৩৩,সাক্ষ্য প্রদান,كتاب الشهادات عن رسول الله ﷺ,,২২৯৫ - ২৩০৩,33
tirmidhi_bn,34,৩৪,দুনিয়াবী ভোগবিলাসের প্রতি অনাসক্তি,كتاب الزهد عن رسول الله ﷺ,,২৩০৪ - ২৪১৪,34
tirmidhi_bn,35,৩৫,কেয়ামত ও মর্মস্পর্শী বিষয়,كتاب صفة القيامة والرقائق والورع عن رسول الله ﷺ,,২৪১৫ - ২৫২২,35
tirmidhi_bn,36,৩৬,জান্নাতের বিবরণ,كتاب صفة الجنة عن رسول الله ﷺ,,২৫২৩ - ২৫৭২,36
tirmidhi_bn,37,৩৭,জাহান্নামের বিবরণ,كتاب صفة جهنم عن رسول الله ﷺ,,২৫৭৩ - ২৬০৫,37
tirmidhi_bn,38,৩৮,ঈমান,كتاب الإيمان عن رسول الله ﷺ,,২৬০৬ - ২৬৪৪,38
tirmidhi_bn,39,৩৯,জ্ঞান,كتاب العلم عن رسول الله ﷺ,,২৬৪৫ - ২৬৮৭,39
tirmidhi_bn,40,৪০,অনুমতি প্রার্থনা,كتاب الاستئذان والآداب عن رسول الله ﷺ,,২৬৮৮ - ২৭৩৫,40
tirmidhi_bn,41,৪১,শিষ্টাচার,كتاب الأدب عن رسول الله ﷺ,,২৭৩৬ - ২৮৭৪,41
tirmidhi_bn,42,৪২,কুরআনের ফজিলত,كتاب فضائل القرآن عن رسول الله ﷺ,,২৮৭৫ - ২৯২৬,42
tirmidhi_bn,43,৪৩,কিরাআত,كتاب القراءات عن رسول الله ﷺ,,২৯২৭ - ২৯৪৯,43
tirmidhi_bn,44,৪৪,তাফসীরুল কুরআন,كتاب تفسير القرآن عن رسول الله ﷺ,,২৯৫০ - ৩৩৬৯,44
tirmidhi_bn,45,৪৫,দোয়া সমূহ,كتاب الدعوات عن رسول الله ﷺ,,৩৩৭০ - ৩৬০৪,45
tirmidhi_bn,46,৪৬,রাসূলুল্লাহ (ﷺ) ও তাঁর সাহাবীদের মর্যাদা,كتاب المناقب عن رسول الله ﷺ,,৩৬০৫ - ৩৯৫৬,46
upodesh_bn,1,১,উপদেশ,,,১ - ৬,1
upodesh_bn,2,২,অবিচ্ছেদ্য সাক্ষী হতে সাবধান,,,৭ - ১৪,2
upodesh_bn,3,৩,আত্মসাৎ,,,১৫ - ৩৪,3
upodesh_bn,4,৪,হালাল ও হারাম,,,৩৫ - ৪৭,4
upodesh_bn,5,৫,সত্য-মিথ্যা,,,৪৮ - ৬৯,5
upodesh_bn,6,৬,নেশাদার দ্রব্য,,,৭০ - ৯৪,6
upodesh_bn,7,৭,গান বাজনা,,,৯৫ - ১০২,7
upodesh_bn,8,৮,অবৈধ সম্পর্ক,,,১০৩ - ১১১,8
upodesh_bn,9,৯,ছবি ও মূর্তি,,,১১২ - ১২৭,9
upodesh_bn,10,১০,সুদ ও ঘুষ,,,১২৮ - ১৩৫,10
upodesh_bn,11,১১,শিরক,,,১৩৬ - ১৬২,11
upodesh_bn,12,১২,বিদ’আত,,,১৬৩ - ১৮২,12
upodesh_bn,13,১৩,পরনিন্দা,,,১৮৩ - ১৯৯,13
upodesh_bn,14,১৪,সদাচরণ,,,২০০ - ২১৬,14
upodesh_bn,15,১৫,আল্লাহর জন্য ভালবাসা,,,২১৭ - ২২২,15
upodesh_bn,16,১৬,সৃষ্টির প্রতি দয়া,,,২২৩ - ২৩৪,16
